image_path,label
images/train/E2_EH309-8_phase_split_1.jpeg,0
images/train/E2_EH309-8_phase_split_4.jpeg,0
images/train/E2_EH309-8_phase_split_5.jpeg,0
images/train/E2_EH309-8_phase_split_6.jpeg,0
images/train/E2_EH309-8_phase_split_8.jpeg,0
images/train/E2_EH309-8_phase_split_10.jpeg,0
images/train/E2_EH309-8_phase_split_11.jpeg,0
images/train/E2_EH309-8_phase_split_12.jpeg,0
images/train/E2_EH309-8_phase_split_13.jpeg,0
images/train/E2_EH309-8_phase_split_14.jpeg,0
images/train/E2_EH309-8_phase_split_16.jpeg,0
images/train/E2_EH309-8_phase_split_17.jpeg,0
images/train/E2_EH309-8_phase_split_18.jpeg,0
images/train/E2_EH309-8_phase_split_19.jpeg,0
images/train/E2_EH309-8_phase_split_20.jpeg,0
images/train/E2_EH309-8_phase_split_22.jpeg,0
images/train/E2_EH309-8_phase_split_24.jpeg,0
images/train/E2_EH309-8_phase_split_27.jpeg,0
images/train/E2_EH309-8_phase_split_28.jpeg,0
images/train/E2_EH309-8_phase_split_31.jpeg,0
images/train/E2_EH309-8_phase_split_32.jpeg,0
images/train/E2_EH309-8_phase_split_34.jpeg,0
images/train/E2_EH309-8_phase_split_35.jpeg,0
images/train/E2_EH309-8_phase_split_37.jpeg,0
images/train/E2_EH309-8_phase_split_38.jpeg,0
images/train/E2_EH309-8_phase_split_41.jpeg,0
images/train/E2_EH309-8_phase_split_43.jpeg,0
images/train/E2_EH309-8_phase_split_44.jpeg,0
images/train/E2_EH309-8_phase_split_45.jpeg,0
images/train/E2_EH309-8_phase_split_46.jpeg,0
images/train/E2_EH309-8_phase_split_47.jpeg,0
images/train/E2_EH309-8_phase_split_48.jpeg,0
images/train/E2_EH309-8_phase_split_49.jpeg,0
images/train/E2_EH309-8_phase_split_50.jpeg,0
images/train/E2_EH309-8_phase_split_51.jpeg,0
images/train/E2_EH309-8_phase_split_52.jpeg,0
images/train/E2_EH309-8_phase_split_54.jpeg,0
images/train/E2_EH309-8_phase_split_55.jpeg,0
images/train/E2_EH309-8_phase_split_56.jpeg,0
images/train/E2_EH309-8_phase_split_57.jpeg,0
images/train/E2_EH309-8_phase_split_58.jpeg,1
images/train/E2_EH309-8_phase_split_60.jpeg,1
images/train/E2_EH309-8_phase_split_61.jpeg,0
images/train/E2_EH309-8_phase_split_62.jpeg,1
images/train/E2_EH309-8_phase_split_63.jpeg,1
images/train/E2_EH309-8_phase_split_66.jpeg,0
images/train/E2_EH309-8_phase_split_68.jpeg,0
images/train/E2_EH309-8_phase_split_69.jpeg,0
images/train/E2_EH309-8_phase_split_70.jpeg,0
images/train/E2_EH309-8_phase_split_71.jpeg,0
images/train/E2_EH309-8_phase_split_72.jpeg,0
images/train/E2_EH309-8_phase_split_73.jpeg,0
images/train/E2_EH309-8_phase_split_74.jpeg,0
images/train/E2_EH309-8_phase_split_78.jpeg,0
images/train/E2_EH309-8_phase_split_79.jpeg,0
images/train/E2_EH309-8_phase_split_80.jpeg,0
images/train/E2_EH309-8_phase_split_81.jpeg,0
images/train/E2_EH309-8_phase_split_82.jpeg,0
images/train/E2_EH309-8_phase_split_83.jpeg,0
images/train/E2_EH309-8_phase_split_84.jpeg,0
images/train/E2_EH309-8_phase_split_85.jpeg,0
images/train/E2_EH309-8_phase_split_86.jpeg,0
images/train/E2_EH309-8_phase_split_87.jpeg,0
images/train/E2_EH309-8_phase_split_88.jpeg,0
images/train/E2_EH309-8_phase_split_91.jpeg,0
images/train/E2_EH309-8_phase_split_92.jpeg,0
images/train/E2_EH309-8_phase_split_93.jpeg,0
images/train/E2_EH309-8_phase_split_95.jpeg,0
images/train/E2_EH309-8_phase_split_97.jpeg,0
images/train/E2_EH309-8_phase_split_98.jpeg,0
images/train/E2_EH309-8_phase_split_99.jpeg,0
images/train/E2_EH309-8_phase_split_100.jpeg,1
images/train/E2_EH309-8_phase_split_101.jpeg,1
images/train/E2_EH309-8_phase_split_105.jpeg,1
images/train/E2_EH309-8_phase_split_106.jpeg,1
images/train/E2_EH309-8_phase_split_107.jpeg,1
images/train/E2_EH309-8_phase_split_108.jpeg,1
images/train/E2_EH309-8_phase_split_109.jpeg,1
images/train/E2_EH309-8_phase_split_111.jpeg,1
images/train/E2_EH309-8_phase_split_112.jpeg,1
images/train/E2_EH309-8_phase_split_115.jpeg,1
images/train/E2_EH309-8_phase_split_116.jpeg,1
images/train/E2_EH309-8_phase_split_120.jpeg,1
images/train/E2_EH309-8_phase_split_121.jpeg,1
images/train/E2_EH309-8_phase_split_122.jpeg,1
images/train/E2_EH309-8_phase_split_123.jpeg,1
images/train/E2_EH309-8_phase_split_125.jpeg,1
images/train/E2_EH309-8_phase_split_126.jpeg,0
images/train/E2_EH309-8_phase_split_127.jpeg,0
images/train/E2_EH309-8_phase_split_128.jpeg,0
images/train/E2_EH309-8_phase_split_130.jpeg,0
images/train/E2_EH309-8_phase_split_131.jpeg,0
images/train/E2_EH309-8_phase_split_133.jpeg,0
images/train/E2_EH309-8_phase_split_134.jpeg,0
images/train/E2_EH309-8_phase_split_135.jpeg,0
images/train/E2_EH309-8_phase_split_138.jpeg,0
images/train/E2_EH309-8_phase_split_139.jpeg,0
images/train/E2_EH309-8_phase_split_140.jpeg,0
images/train/E2_EH309-8_phase_split_142.jpeg,0
images/train/E2_EH315-3_phase_split_143.jpeg,0
images/train/E2_EH315-3_phase_split_144.jpeg,0
images/train/E2_EH315-3_phase_split_148.jpeg,0
images/train/E2_EH315-3_phase_split_150.jpeg,0
images/train/E2_EH315-3_phase_split_151.jpeg,0
images/train/E2_EH315-3_phase_split_152.jpeg,0
images/train/E2_EH315-3_phase_split_153.jpeg,0
images/train/E2_EH315-3_phase_split_155.jpeg,0
images/train/E2_EH315-3_phase_split_156.jpeg,0
images/train/E2_EH315-3_phase_split_157.jpeg,0
images/train/E2_EH315-3_phase_split_158.jpeg,0
images/train/E2_EH315-3_phase_split_160.jpeg,0
images/train/E2_EH315-3_phase_split_161.jpeg,0
images/train/E2_EH315-3_phase_split_162.jpeg,0
images/train/E2_EH315-3_phase_split_165.jpeg,0
images/train/E2_EH315-3_phase_split_166.jpeg,0
images/train/E2_EH315-3_phase_split_167.jpeg,0
images/train/E2_EH315-3_phase_split_168.jpeg,0
images/train/E2_EH315-3_phase_split_170.jpeg,0
images/train/E2_EH315-3_phase_split_171.jpeg,0
images/train/E2_EH315-3_phase_split_172.jpeg,0
images/train/E2_EH315-3_phase_split_173.jpeg,0
images/train/E2_EH315-3_phase_split_174.jpeg,0
images/train/E2_EH315-3_phase_split_175.jpeg,0
images/train/E2_EH315-3_phase_split_176.jpeg,0
images/train/E2_EH315-3_phase_split_178.jpeg,0
images/train/E2_EH315-3_phase_split_179.jpeg,0
images/train/E2_EH315-3_phase_split_180.jpeg,0
images/train/E2_EH315-3_phase_split_181.jpeg,0
images/train/E2_EH315-3_phase_split_182.jpeg,0
images/train/E2_EH315-3_phase_split_184.jpeg,0
images/train/E2_EH315-3_phase_split_185.jpeg,0
images/train/E2_EH315-3_phase_split_186.jpeg,0
images/train/E2_EH315-3_phase_split_188.jpeg,0
images/train/E2_EH315-3_phase_split_189.jpeg,0
images/train/E2_EH315-3_phase_split_190.jpeg,0
images/train/E2_EH315-3_phase_split_193.jpeg,0
images/train/E2_EH315-3_phase_split_195.jpeg,0
images/train/E2_EH315-3_phase_split_196.jpeg,0
images/train/E2_EH315-3_phase_split_197.jpeg,0
images/train/E2_EH315-3_phase_split_201.jpeg,0
images/train/E2_EH315-3_phase_split_203.jpeg,0
images/train/E2_EH315-3_phase_split_204.jpeg,0
images/train/E2_EH315-3_phase_split_205.jpeg,0
images/train/E2_EH315-3_phase_split_206.jpeg,0
images/train/E2_EH315-3_phase_split_208.jpeg,0
images/train/E2_EH315-3_phase_split_209.jpeg,0
images/train/E2_EH315-3_phase_split_212.jpeg,0
images/train/E2_EH315-3_phase_split_214.jpeg,0
images/train/E2_EH315-3_phase_split_215.jpeg,0
images/train/E2_EH315-3_phase_split_218.jpeg,0
images/train/E2_EH315-3_phase_split_219.jpeg,0
images/train/E2_EH315-3_phase_split_220.jpeg,0
images/train/E2_EH315-3_phase_split_221.jpeg,0
images/train/E2_EH315-3_phase_split_222.jpeg,0
images/train/E2_EH315-3_phase_split_223.jpeg,0
images/train/E2_EH315-3_phase_split_224.jpeg,0
images/train/E2_EH315-3_phase_split_227.jpeg,0
images/train/E2_EH315-3_phase_split_228.jpeg,0
images/train/E2_EH315-3_phase_split_229.jpeg,0
images/train/E2_EH315-3_phase_split_230.jpeg,0
images/train/E2_EH315-3_phase_split_231.jpeg,0
images/train/E2_EH315-3_phase_split_232.jpeg,0
images/train/E2_EH315-3_phase_split_233.jpeg,0
images/train/E2_EH315-3_phase_split_234.jpeg,0
images/train/E2_EH315-3_phase_split_235.jpeg,0
images/train/E2_EH315-3_phase_split_236.jpeg,0
images/train/E2_EH315-3_phase_split_237.jpeg,0
images/train/E2_EH315-3_phase_split_238.jpeg,0
images/train/E2_EH315-3_phase_split_240.jpeg,0
images/train/E2_EH315-3_phase_split_242.jpeg,0
images/train/E2_EH315-3_phase_split_245.jpeg,0
images/train/E2_EH315-3_phase_split_247.jpeg,0
images/train/E2_EH315-3_phase_split_248.jpeg,0
images/train/E2_EH315-3_phase_split_250.jpeg,0
images/train/E2_EH315-3_phase_split_251.jpeg,0
images/train/E2_EH315-3_phase_split_253.jpeg,0
images/train/E2_EH315-3_phase_split_254.jpeg,0
images/train/E2_EH315-3_phase_split_255.jpeg,0
images/train/E2_EH315-3_phase_split_256.jpeg,0
images/train/E2_EH315-3_phase_split_258.jpeg,0
images/train/E2_EH315-3_phase_split_259.jpeg,0
images/train/E2_EH315-3_phase_split_260.jpeg,0
images/train/E2_EH315-3_phase_split_261.jpeg,0
images/train/E2_EH315-3_phase_split_262.jpeg,0
images/train/E2_EH315-3_phase_split_263.jpeg,0
images/train/E2_EH315-3_phase_split_264.jpeg,0
images/train/E2_EH315-3_phase_split_265.jpeg,0
images/train/E2_EH315-3_phase_split_266.jpeg,0
images/train/E2_EH315-3_phase_split_267.jpeg,0
images/train/E2_EA32-6_phase_split_271.jpeg,0
images/train/E2_EA32-6_phase_split_272.jpeg,0
images/train/E2_EA32-6_phase_split_274.jpeg,0
images/train/E2_EA32-6_phase_split_279.jpeg,0
images/train/E2_EA32-6_phase_split_281.jpeg,0
images/train/E2_EA32-6_phase_split_282.jpeg,0
images/train/E2_EA32-6_phase_split_286.jpeg,0
images/train/E2_EA32-6_phase_split_287.jpeg,0
images/train/E2_EA32-6_phase_split_288.jpeg,0
images/train/E2_EA32-6_phase_split_289.jpeg,0
images/train/E2_EA32-6_phase_split_290.jpeg,0
images/train/E2_EA32-6_phase_split_292.jpeg,0
images/train/E2_EA32-6_phase_split_293.jpeg,0
images/train/E2_EA32-6_phase_split_296.jpeg,0
images/train/E2_EA32-6_phase_split_297.jpeg,0
images/train/E2_EA32-6_phase_split_300.jpeg,0
images/train/E2_EA32-6_phase_split_301.jpeg,0
images/train/E2_EA32-6_phase_split_302.jpeg,0
images/train/E2_EA32-6_phase_split_303.jpeg,0
images/train/E2_EA32-6_phase_split_304.jpeg,0
images/train/E2_EA32-6_phase_split_305.jpeg,0
images/train/E2_EA32-6_phase_split_306.jpeg,0
images/train/E2_EA32-6_phase_split_307.jpeg,0
images/train/E2_EA32-6_phase_split_308.jpeg,0
images/train/E2_EA32-6_phase_split_309.jpeg,0
images/train/E2_EA32-6_phase_split_310.jpeg,0
images/train/E2_EA32-6_phase_split_311.jpeg,0
images/train/E2_EA32-6_phase_split_313.jpeg,0
images/train/E2_EA32-6_phase_split_315.jpeg,0
images/train/E2_EA32-6_phase_split_318.jpeg,0
images/train/E2_EA32-6_phase_split_321.jpeg,1
images/train/E2_EA32-6_phase_split_323.jpeg,0
images/train/E2_EA32-6_phase_split_325.jpeg,0
images/train/E2_EA32-6_phase_split_326.jpeg,0
images/train/E2_EA32-6_phase_split_327.jpeg,0
images/train/E2_EA32-6_phase_split_329.jpeg,0
images/train/E2_EA32-6_phase_split_330.jpeg,0
images/train/E2_EA32-6_phase_split_331.jpeg,1
images/train/E2_EA32-6_phase_split_332.jpeg,0
images/train/E2_EA32-6_phase_split_333.jpeg,0
images/train/E2_EA32-6_phase_split_334.jpeg,0
images/train/E2_EA32-6_phase_split_335.jpeg,0
images/train/E2_EA32-6_phase_split_338.jpeg,1
images/train/E2_EA32-6_phase_split_339.jpeg,1
images/train/E2_EA32-6_phase_split_341.jpeg,1
images/train/E2_EA32-6_phase_split_342.jpeg,1
images/train/E2_EA32-6_phase_split_346.jpeg,1
images/train/E2_EA32-6_phase_split_347.jpeg,1
images/train/E2_EA32-6_phase_split_349.jpeg,1
images/train/E2_EA32-6_phase_split_351.jpeg,1
images/train/E2_EA32-6_phase_split_352.jpeg,1
images/train/E2_EA32-6_phase_split_353.jpeg,1
images/train/E2_EA32-6_phase_split_355.jpeg,0
images/train/E2_EA32-6_phase_split_361.jpeg,1
images/train/E2_EA32-6_phase_split_363.jpeg,0
images/train/E2_EA32-6_phase_split_364.jpeg,1
images/train/E2_EA32-6_phase_split_366.jpeg,1
images/train/E2_EA32-6_phase_split_367.jpeg,0
images/train/E2_EA32-6_phase_split_368.jpeg,1
images/train/E2_EA32-6_phase_split_369.jpeg,1
images/train/E2_EA32-6_phase_split_370.jpeg,1
images/train/E2_EA32-6_phase_split_371.jpeg,1
images/train/E2_EA32-6_phase_split_373.jpeg,1
images/train/E2_EA32-6_phase_split_376.jpeg,1
images/train/E2_EA32-6_phase_split_377.jpeg,1
images/train/E2_EA32-6_phase_split_378.jpeg,1
images/train/E2_EA32-6_phase_split_379.jpeg,1
images/train/E2_EA32-6_phase_split_380.jpeg,1
images/train/E2_EA32-6_phase_split_382.jpeg,1
images/train/E2_EA32-6_phase_split_383.jpeg,0
images/train/E2_EA32-6_phase_split_384.jpeg,0
images/train/E2_EA32-6_phase_split_386.jpeg,0
images/train/E2_EA32-6_phase_split_387.jpeg,0
images/train/E2_EA32-6_phase_split_389.jpeg,0
images/train/E2_EA32-6_phase_split_391.jpeg,0
images/train/E2_EE656-3_phase_split_394.jpeg,0
images/train/E2_EE656-3_phase_split_395.jpeg,0
images/train/E2_EE656-3_phase_split_396.jpeg,0
images/train/E2_EE656-3_phase_split_398.jpeg,0
images/train/E2_EE656-3_phase_split_399.jpeg,0
images/train/E2_EE656-3_phase_split_400.jpeg,0
images/train/E2_EE656-3_phase_split_401.jpeg,0
images/train/E2_EE656-3_phase_split_403.jpeg,0
images/train/E2_EE656-3_phase_split_404.jpeg,0
images/train/E2_EE656-3_phase_split_405.jpeg,0
images/train/E2_EE656-3_phase_split_406.jpeg,0
images/train/E2_EE656-3_phase_split_407.jpeg,0
images/train/E2_EE656-3_phase_split_409.jpeg,0
images/train/E2_EE656-3_phase_split_411.jpeg,0
images/train/E2_EE656-3_phase_split_412.jpeg,0
images/train/E2_EE656-3_phase_split_413.jpeg,0
images/train/E2_EE656-3_phase_split_414.jpeg,0
images/train/E2_EH315-8_phase_split_416.jpeg,0
images/train/E2_EH315-8_phase_split_417.jpeg,0
images/train/E2_EH315-8_phase_split_418.jpeg,0
images/train/E2_EH315-8_phase_split_419.jpeg,0
images/train/E2_EH315-8_phase_split_420.jpeg,0
images/train/E2_EH315-8_phase_split_421.jpeg,0
images/train/E2_EH315-8_phase_split_422.jpeg,0
images/train/E2_EH315-8_phase_split_424.jpeg,0
images/train/E2_EH315-8_phase_split_425.jpeg,0
images/train/E2_EH315-8_phase_split_426.jpeg,0
images/train/E2_EH315-8_phase_split_428.jpeg,0
images/train/E2_EH315-8_phase_split_429.jpeg,0
images/train/E2_EH315-8_phase_split_431.jpeg,0
images/train/E2_EH315-8_phase_split_432.jpeg,0
images/train/E2_EH315-8_phase_split_433.jpeg,0
images/train/E2_EH315-8_phase_split_434.jpeg,0
images/train/E2_EH315-8_phase_split_435.jpeg,0
images/train/E2_EH315-8_phase_split_436.jpeg,0
images/train/E2_EH315-8_phase_split_437.jpeg,0
images/train/E2_EH315-8_phase_split_438.jpeg,0
images/train/E2_EH315-8_phase_split_439.jpeg,0
images/train/E2_EH315-8_phase_split_441.jpeg,0
images/train/E2_EH315-8_phase_split_442.jpeg,0
images/train/E2_EH315-8_phase_split_443.jpeg,0
images/train/E2_EH315-8_phase_split_444.jpeg,0
images/train/E2_EH315-8_phase_split_445.jpeg,0
images/train/E2_EH315-8_phase_split_446.jpeg,0
images/train/E2_EH315-8_phase_split_448.jpeg,0
images/train/E2_EH315-8_phase_split_449.jpeg,0
images/train/E2_EH315-8_phase_split_450.jpeg,0
images/train/E2_EH315-8_phase_split_451.jpeg,0
images/train/E2_EH315-8_phase_split_453.jpeg,0
images/train/E2_EH315-8_phase_split_454.jpeg,0
images/train/E2_EH315-8_phase_split_455.jpeg,0
images/train/E2_EH315-8_phase_split_456.jpeg,0
images/train/E2_EH315-8_phase_split_460.jpeg,0
images/train/E2_EH315-8_phase_split_461.jpeg,0
images/train/E2_EH315-8_phase_split_463.jpeg,0
images/train/E2_EH315-8_phase_split_464.jpeg,0
images/train/E2_EH315-8_phase_split_465.jpeg,0
images/train/E2_EH315-8_phase_split_467.jpeg,0
images/train/E2_EH315-8_phase_split_468.jpeg,0
images/train/E2_EH315-8_phase_split_469.jpeg,0
images/train/E2_EH315-8_phase_split_470.jpeg,0
images/train/E2_EH315-8_phase_split_473.jpeg,0
images/train/E2_EH315-8_phase_split_475.jpeg,0
images/train/E2_EH315-8_phase_split_476.jpeg,0
images/train/E2_EH315-8_phase_split_478.jpeg,0
images/train/E2_EH315-8_phase_split_479.jpeg,0
images/train/E2_EH315-8_phase_split_480.jpeg,0
images/train/E2_EH315-8_phase_split_482.jpeg,0
images/train/E2_EH315-8_phase_split_484.jpeg,0
images/train/E2_EH315-8_phase_split_485.jpeg,0
images/train/E2_EH315-8_phase_split_487.jpeg,0
images/train/E2_EH315-8_phase_split_488.jpeg,0
images/train/E2_EH315-8_phase_split_490.jpeg,0
images/train/E2_EH315-8_phase_split_491.jpeg,0
images/train/E2_EH315-8_phase_split_492.jpeg,0
images/train/E2_EH315-8_phase_split_493.jpeg,0
images/train/E2_EH315-8_phase_split_494.jpeg,0
images/train/E2_EH315-8_phase_split_495.jpeg,0
images/train/E2_EH315-8_phase_split_496.jpeg,0
images/train/E2_EH315-8_phase_split_497.jpeg,0
images/train/E2_EH315-8_phase_split_498.jpeg,0
images/train/E2_EH315-8_phase_split_499.jpeg,0
images/train/E2_EH315-8_phase_split_500.jpeg,0
images/train/E2_EH315-8_phase_split_502.jpeg,0
images/train/E2_EH315-8_phase_split_503.jpeg,0
images/train/E2_EH315-8_phase_split_506.jpeg,0
images/train/E2_EH315-8_phase_split_507.jpeg,0
images/train/E2_EH315-8_phase_split_508.jpeg,0
images/train/E2_EH315-8_phase_split_509.jpeg,0
images/train/E2_EH315-8_phase_split_510.jpeg,0
images/train/E2_EH315-8_phase_split_511.jpeg,0
images/train/E2_EH315-8_phase_split_513.jpeg,0
images/train/E2_EH315-8_phase_split_517.jpeg,0
images/train/E2_EH315-8_phase_split_519.jpeg,0
images/train/E2_EH315-8_phase_split_520.jpeg,0
images/train/E2_EH315-8_phase_split_521.jpeg,0
images/train/E2_EH315-8_phase_split_525.jpeg,0
images/train/E2_EH315-8_phase_split_528.jpeg,0
images/train/E2_EH315-8_phase_split_529.jpeg,0
images/train/E2_EH315-8_phase_split_530.jpeg,0
images/train/E2_EH315-8_phase_split_531.jpeg,0
images/train/E2_EH315-8_phase_split_532.jpeg,0
images/train/E2_EH315-8_phase_split_534.jpeg,0
images/train/E2_EH315-8_phase_split_535.jpeg,0
images/train/E2_EH315-8_phase_split_536.jpeg,0
images/train/E2_EH315-8_phase_split_537.jpeg,0
images/train/E2_EH315-8_phase_split_539.jpeg,0
images/train/E2_EH315-8_phase_split_540.jpeg,0
images/train/E2_EH315-8_phase_split_541.jpeg,0
images/train/E2_EC234-5_phase_split_543.jpeg,0
images/train/E2_EC234-5_phase_split_544.jpeg,0
images/train/E2_EC234-5_phase_split_546.jpeg,0
images/train/E2_EC234-5_phase_split_547.jpeg,0
images/train/E2_EC234-5_phase_split_548.jpeg,0
images/train/E2_EC234-5_phase_split_549.jpeg,0
images/train/E2_EC234-5_phase_split_550.jpeg,0
images/train/E2_EC234-5_phase_split_551.jpeg,0
images/train/E2_EC234-5_phase_split_554.jpeg,0
images/train/E2_EC234-5_phase_split_555.jpeg,0
images/train/E2_EC234-5_phase_split_556.jpeg,0
images/train/E2_EC234-5_phase_split_557.jpeg,0
images/train/E2_EC234-5_phase_split_558.jpeg,0
images/train/E2_EC234-5_phase_split_559.jpeg,0
images/train/E2_EC234-5_phase_split_560.jpeg,0
images/train/E2_EC234-5_phase_split_561.jpeg,0
images/train/E2_EC234-5_phase_split_562.jpeg,0
images/train/E2_EC234-5_phase_split_563.jpeg,0
images/train/E2_EC234-5_phase_split_564.jpeg,0
images/train/E2_EC234-5_phase_split_565.jpeg,0
images/train/E2_EC234-5_phase_split_566.jpeg,0
images/train/E2_EC234-5_phase_split_567.jpeg,0
images/train/E2_EC234-5_phase_split_569.jpeg,0
images/train/E2_EC234-5_phase_split_570.jpeg,0
images/train/E2_EC234-5_phase_split_573.jpeg,0
images/train/E2_EC234-5_phase_split_576.jpeg,0
images/train/E2_EC234-5_phase_split_580.jpeg,0
images/train/E2_EC234-5_phase_split_581.jpeg,0
images/train/E2_EC234-5_phase_split_583.jpeg,0
images/train/E2_EC234-5_phase_split_584.jpeg,0
images/train/E2_EC234-5_phase_split_585.jpeg,0
images/train/E2_EC234-5_phase_split_586.jpeg,0
images/train/E2_EC234-5_phase_split_587.jpeg,0
images/train/E2_EC234-5_phase_split_589.jpeg,0
images/train/E2_EC234-5_phase_split_591.jpeg,0
images/train/E2_EC234-5_phase_split_592.jpeg,0
images/train/E2_EC234-5_phase_split_593.jpeg,0
images/train/E2_EC234-5_phase_split_596.jpeg,0
images/train/E2_EC234-5_phase_split_598.jpeg,0
images/train/E2_EC234-5_phase_split_599.jpeg,0
images/train/E2_EC234-5_phase_split_600.jpeg,0
images/train/E2_EC234-5_phase_split_603.jpeg,0
images/train/E2_EC234-5_phase_split_606.jpeg,0
images/train/E2_EC234-5_phase_split_607.jpeg,0
images/train/E2_EC234-5_phase_split_608.jpeg,0
images/train/E2_EC234-5_phase_split_610.jpeg,0
images/train/D2_D1_611.jpeg,0
images/train/D2_D1_612.jpeg,0
images/train/D2_D1_613.jpeg,0
images/train/D2_D1_614.jpeg,0
images/train/D2_D1_616.jpeg,1
images/train/D2_D1_618.jpeg,0
images/train/D2_D1_619.jpeg,0
images/train/D2_D1_620.jpeg,0
images/train/D2_D1_621.jpeg,0
images/train/D2_D1_624.jpeg,0
images/train/D2_D1_625.jpeg,0
images/train/D2_D1_626.jpeg,0
images/train/D2_D1_628.jpeg,0
images/train/D2_D1_629.jpeg,0
images/train/D2_D1_632.jpeg,0
images/train/D2_D1_633.jpeg,0
images/train/D2_D1_637.jpeg,0
images/train/D2_D1_638.jpeg,1
images/train/D2_D1_639.jpeg,0
images/train/D2_D1_640.jpeg,0
images/train/D2_D1_641.jpeg,0
images/train/D2_D1_642.jpeg,0
images/train/D2_D1_644.jpeg,0
images/train/D2_D1_645.jpeg,1
images/train/D2_D1_646.jpeg,1
images/train/D2_D1_647.jpeg,1
images/train/D2_D1_648.jpeg,1
images/train/D2_D1_649.jpeg,0
images/train/D2_D1_650.jpeg,0
images/train/D2_D1_653.jpeg,0
images/train/D2_D1_654.jpeg,1
images/train/D2_D1_655.jpeg,1
images/train/D2_D1_656.jpeg,0
images/train/D2_D1_657.jpeg,0
images/train/D2_D1_658.jpeg,0
images/train/D2_D1_661.jpeg,0
images/train/D2_D1_663.jpeg,0
images/train/D2_D1_664.jpeg,0
images/train/D2_D1_665.jpeg,0
images/train/D2_D1_666.jpeg,0
images/train/D2_D1_668.jpeg,0
images/train/D2_D1_669.jpeg,0
images/train/D2_D1_671.jpeg,0
images/train/D2_D1_672.jpeg,0
images/train/D2_D1_673.jpeg,0
images/train/D2_D1_674.jpeg,0
images/train/D2_D1_675.jpeg,0
images/train/D2_D1_676.jpeg,0
images/train/D2_D1_677.jpeg,0
images/train/D2_D1_678.jpeg,0
images/train/D2_D1_679.jpeg,0
images/train/D2_D1_680.jpeg,0
images/train/D2_D1_681.jpeg,0
images/train/D2_D1_682.jpeg,0
images/train/D2_D1_683.jpeg,0
images/train/D2_D1_684.jpeg,0
images/train/D2_D1_685.jpeg,0
images/train/D2_D1_687.jpeg,0
images/train/D2_D1_688.jpeg,0
images/train/D2_D1_689.jpeg,0
images/train/D2_D1_690.jpeg,1
images/train/D2_D1_694.jpeg,0
images/train/D2_D1_696.jpeg,0
images/train/D2_D1_698.jpeg,0
images/train/D2_D1_699.jpeg,1
images/train/D2_D1_701.jpeg,0
images/train/D2_D1_702.jpeg,0
images/train/D2_D2 images_704.jpeg,0
images/train/D2_D2 images_705.jpeg,0
images/train/D2_D2 images_706.jpeg,0
images/train/D2_D2 images_707.jpeg,0
images/train/D2_D2 images_709.jpeg,0
images/train/D2_D2 images_711.jpeg,0
images/train/D2_D2 images_712.jpeg,0
images/train/D2_D2 images_714.jpeg,0
images/train/D2_D2 images_715.jpeg,0
images/train/D2_D2 images_719.jpeg,0
images/train/D2_D2 images_720.jpeg,0
images/train/D2_D2 images_721.jpeg,0
images/train/D2_D2 images_722.jpeg,0
images/train/D2_D2 images_723.jpeg,0
images/train/D2_D2 images_726.jpeg,0
images/train/D2_D2 images_730.jpeg,0
images/train/D2_D2 images_731.jpeg,0
images/train/D2_D2 images_732.jpeg,0
images/train/D2_D2 images_733.jpeg,0
images/train/D2_D2 images_734.jpeg,0
images/train/D2_D2 images_736.jpeg,0
images/train/D2_D2 images_738.jpeg,0
images/train/D2_D2 images_739.jpeg,0
images/train/D2_D2 images_740.jpeg,0
images/train/D2_D2 images_741.jpeg,0
images/train/D2_D2 images_744.jpeg,0
images/train/D2_D2 images_745.jpeg,0
images/train/D2_D2 images_746.jpeg,0
images/train/D2_D2 images_747.jpeg,0
images/train/D2_D2 images_748.jpeg,0
images/train/D2_D2 images_749.jpeg,0
images/train/D2_D2 images_750.jpeg,0
images/train/D2_D2 images_753.jpeg,0
images/train/D2_D2 images_754.jpeg,0
images/train/D2_D2 images_755.jpeg,0
images/train/D2_D2 images_757.jpeg,0
images/train/D2_D2 images_758.jpeg,0
images/train/D2_D2 images_759.jpeg,0
images/train/D2_D2 images_760.jpeg,0
images/train/D2_D2 images_761.jpeg,0
images/train/D2_D2 images_762.jpeg,0
images/train/D2_D2 images_763.jpeg,0
images/train/D2_D2 images_764.jpeg,0
images/train/D2_D2 images_766.jpeg,0
images/train/D2_D2 images_769.jpeg,0
images/train/D2_D2 images_770.jpeg,0
images/train/D2_D2 images_771.jpeg,0
images/train/D2_D2 images_773.jpeg,0
images/train/D2_D2 images_774.jpeg,0
images/train/D2_D2 images_775.jpeg,0
images/train/D2_D2 images_776.jpeg,0
images/train/D2_D2 images_777.jpeg,0
images/train/D2_D2 images_778.jpeg,0
images/train/D2_D2 images_780.jpeg,0
images/train/D2_D2 images_781.jpeg,0
images/train/D2_D2 images_782.jpeg,0
images/train/D2_D2 images_783.jpeg,0
images/train/D2_D2 images_784.jpeg,0
images/train/D2_D2 images_785.jpeg,0
images/train/D2_D2 images_787.jpeg,0
images/train/D2_D2 images_790.jpeg,0
images/train/D2_D2 images_791.jpeg,0
images/train/D2_D2 images_792.jpeg,0
images/train/D2_D2 images_793.jpeg,0
images/train/D2_D2 images_794.jpeg,0
images/train/D2_D2 images_796.jpeg,0
images/train/D2_D2 images_797.jpeg,0
images/train/D2_D2 images_798.jpeg,0
images/train/D2_D2 images_799.jpeg,0
images/train/D2_D2 images_800.jpeg,0
images/train/D2_D2 images_801.jpeg,0
images/train/D2_D2 images_804.jpeg,0
images/train/D2_D2 images_805.jpeg,0
images/train/D2_D2 images_806.jpeg,0
images/train/D2_D2 images_807.jpeg,0
images/train/D2_D2 images_808.jpeg,0
images/train/D2_D2 images_809.jpeg,0
images/train/D2_D2 images_810.jpeg,0
images/train/D2_D2 images_812.jpeg,0
images/train/D2_D2 images_813.jpeg,0
images/train/D2_D2 images_814.jpeg,0
images/train/D2_D2 images_815.jpeg,0
images/train/D2_D2 images_818.jpeg,0
images/train/D2_D2 images_819.jpeg,0
images/train/D2_D2 images_820.jpeg,0
images/train/D2_D2 images_821.jpeg,0
images/train/D2_D2 images_823.jpeg,0
images/train/D2_D2 images_824.jpeg,0
images/train/D2_D2 images_826.jpeg,0
images/train/D2_D2 images_827.jpeg,0
images/train/D2_D2 images_828.jpeg,0
images/train/D2_D2 images_829.jpeg,0
images/train/D2_D2 images_831.jpeg,0
images/train/D2_D2 images_833.jpeg,0
images/train/D2_D2 images_834.jpeg,0
images/train/D2_D2 images_836.jpeg,0
images/train/D2_D2 images_837.jpeg,0
images/train/D2_D2 images_838.jpeg,0
images/train/D2_D2 images_839.jpeg,0
images/train/D2_D2 images_840.jpeg,0
images/train/D2_D2 images_841.jpeg,0
images/train/D2_D2 images_843.jpeg,0
images/train/D2_D2 images_844.jpeg,0
images/train/D2_D2 images_845.jpeg,0
images/train/D2_D2 images_847.jpeg,0
images/train/D2_D2 images_848.jpeg,0
images/train/D2_D2 images_850.jpeg,0
images/train/D2_D2 images_851.jpeg,0
images/train/D2_D2 images_853.jpeg,0
images/train/D2_D2 images_854.jpeg,0
images/train/D2_D2 images_855.jpeg,0
images/train/D2_D2 images_856.jpeg,0
images/train/D2_D2 images_857.jpeg,0
images/train/D2_D2 images_858.jpeg,0
images/train/D2_D2 images_860.jpeg,0
images/train/D2_D2 images_861.jpeg,0
images/train/D2_D2 images_862.jpeg,0
images/train/D2_D2 images_863.jpeg,0
images/train/D2_D2 images_864.jpeg,0
images/train/D2_D2 images_865.jpeg,0
images/train/D2_D2 images_866.jpeg,0
images/train/D2_D2 images_871.jpeg,0
images/train/D2_D2 images_872.jpeg,0
images/train/D2_D2 images_873.jpeg,0
images/train/D2_D2 images_874.jpeg,0
images/train/D2_D2 images_877.jpeg,0
images/train/D2_D2 images_878.jpeg,0
images/train/D2_D2 images_879.jpeg,0
images/train/D2_D2 images_880.jpeg,0
images/train/D2_D2 images_881.jpeg,0
images/train/D2_D2 images_883.jpeg,0
images/train/D2_D2 images_884.jpeg,0
images/train/D2_D2 images_885.jpeg,0
images/train/D2_D2 images_886.jpeg,0
images/train/D2_D2 images_888.jpeg,0
images/train/D2_D2 images_889.jpeg,0
images/train/D2_D2 images_890.jpeg,0
images/train/D2_D2 images_891.jpeg,0
images/train/D2_D2 images_892.jpeg,0
images/train/D2_D2 images_893.jpeg,0
images/train/D2_D2 images_894.jpeg,0
images/train/D2_D2 images_895.jpeg,0
images/train/D2_D2 images_896.jpeg,0
images/train/D2_D2 images_897.jpeg,0
images/train/D2_D2 images_899.jpeg,0
images/train/D2_D2 images_900.jpeg,0
images/train/D2_D2 images_901.jpeg,0
images/train/D2_D2 images_902.jpeg,0
images/train/D2_D2 images_904.jpeg,0
images/train/D2_D2 images_909.jpeg,0
images/train/D2_D2 images_910.jpeg,0
images/train/D2_D2 images_912.jpeg,0
images/train/D2_D2 images_913.jpeg,0
images/train/D2_D2 images_915.jpeg,0
images/train/D2_D2 images_916.jpeg,0
images/train/D2_D2 images_917.jpeg,0
images/train/D2_D2 images_918.jpeg,0
images/train/D2_D2 images_920.jpeg,0
images/train/D2_D2 images_921.jpeg,0
images/train/D2_D2 images_922.jpeg,0
images/train/D2_D2 images_925.jpeg,0
images/train/D2_D2 images_926.jpeg,0
images/train/D2_D2 images_928.jpeg,0
images/train/D2_D2 images_929.jpeg,0
images/train/D2_D2 images_930.jpeg,0
images/train/D2_D2 images_931.jpeg,0
images/train/D2_D2 images_932.jpeg,0
images/train/D2_D2 images_933.jpeg,0
images/train/D2_D2 images_934.jpeg,1
images/train/D2_D2 images_935.jpeg,0
images/train/D2_D2 images_936.jpeg,0
images/train/D2_D2 images_937.jpeg,0
images/train/D2_D2 images_938.jpeg,0
images/train/D2_D2 images_940.jpeg,0
images/train/D2_D2 images_941.jpeg,0
images/train/D2_D2 images_942.jpeg,0
images/train/D2_D2 images_943.jpeg,0
images/train/D2_D2 images_945.jpeg,0
images/train/D2_D2 images_946.jpeg,0
images/train/D2_D2 images_947.jpeg,0
images/train/D2_D2 images_948.jpeg,0
images/train/D2_D2 images_949.jpeg,0
images/train/D2_D2 images_950.jpeg,0
images/train/D2_D2 images_951.jpeg,0
images/train/D2_D2 images_953.jpeg,0
images/train/D2_D2 images_955.jpeg,0
images/train/D2_D2 images_956.jpeg,0
images/train/D2_D2 images_957.jpeg,0
images/train/D2_D2 images_960.jpeg,1
images/train/D2_D2 images_961.jpeg,0
images/train/D2_D2 images_962.jpeg,0
images/train/D2_D2 images_963.jpeg,0
images/train/D2_D2 images_965.jpeg,0
images/train/D2_D2 images_967.jpeg,0
images/train/D2_D2 images_972.jpeg,0
images/train/D2_D2 images_973.jpeg,1
images/train/D2_D2 images_974.jpeg,0
images/train/D2_D2 images_975.jpeg,0
images/train/D2_D2 images_976.jpeg,0
images/train/D2_D2 images_977.jpeg,0
images/train/D2_D2 images_978.jpeg,0
images/train/D2_D2 images_979.jpeg,0
images/train/D2_D2 images_980.jpeg,0
images/train/D2_D2 images_982.jpeg,0
images/train/D2_D2 images_983.jpeg,0
images/train/D2_D2 images_984.jpeg,0
images/train/D2_D2 images_987.jpeg,0
images/train/D2_D2 images_988.jpeg,0
images/train/D2_D2 images_989.jpeg,0
images/train/D2_D2 images_991.jpeg,0
images/train/D2_D2 images_994.jpeg,0
images/train/D2_D2 images_995.jpeg,0
images/train/D2_D2 images_996.jpeg,0
images/train/D2_D2 images_999.jpeg,0
images/train/D2_D2 images_1000.jpeg,1
images/train/D2_D2 images_1001.jpeg,0
images/train/D2_D2 images_1003.jpeg,0
images/train/D2_D2 images_1004.jpeg,0
images/train/D2_D2 images_1005.jpeg,0
images/train/D2_D2 images_1006.jpeg,0
images/train/D2_D2 images_1008.jpeg,0
images/train/D2_D2 images_1010.jpeg,0
images/train/D2_D2 images_1011.jpeg,0
images/train/D2_D2 images_1012.jpeg,0
images/train/D2_D2 images_1015.jpeg,0
images/train/D2_D2 images_1017.jpeg,0
images/train/D2_D2 images_1020.jpeg,0
images/train/D2_D2 images_1021.jpeg,0
images/train/D2_D2 images_1022.jpeg,0
images/train/D2_D2 images_1023.jpeg,0
images/train/D2_D2 images_1024.jpeg,0
images/train/D2_D2 images_1026.jpeg,0
images/train/D2_D2 images_1027.jpeg,0
images/train/D2_D2 images_1029.jpeg,0
images/train/D2_D2 images_1030.jpeg,0
images/train/D2_D2 images_1031.jpeg,0
images/train/D2_D2 images_1032.jpeg,0
images/train/D2_D2 images_1034.jpeg,0
images/train/D2_D2 images_1035.jpeg,0
images/train/D2_D2 images_1036.jpeg,0
images/train/D2_D2 images_1039.jpeg,0
images/train/D2_D2 images_1040.jpeg,0
images/train/D2_D2 images_1041.jpeg,0
images/train/D2_D2 images_1042.jpeg,0
images/train/D2_D2 images_1043.jpeg,1
images/train/D2_D2 images_1045.jpeg,0
images/train/D2_D2 images_1046.jpeg,0
images/train/D2_D2 images_1047.jpeg,0
images/train/D2_D2 images_1050.jpeg,0
images/train/D2_D2 images_1051.jpeg,0
images/train/D2_D2 images_1052.jpeg,0
images/train/D2_D2 images_1053.jpeg,0
images/train/D2_D2 images_1054.jpeg,0
images/train/D2_D2 images_1055.jpeg,0
images/train/D2_D2 images_1056.jpeg,0
images/train/D2_D2 images_1057.jpeg,1
images/train/D2_D2 images_1062.jpeg,0
images/train/D2_D2 images_1063.jpeg,0
images/train/D2_D2 images_1064.jpeg,0
images/train/D2_D2 images_1065.jpeg,0
images/train/D2_D2 images_1068.jpeg,0
images/train/D2_D2 images_1069.jpeg,0
images/train/D2_D2 images_1070.jpeg,0
images/train/D2_D2 images_1071.jpeg,0
images/train/D2_D2 images_1074.jpeg,0
images/train/D2_D2 images_1079.jpeg,0
images/train/D2_D2 images_1080.jpeg,0
images/train/D2_D2 images_1081.jpeg,0
images/train/D2_D2 images_1082.jpeg,0
images/train/D2_D2 images_1083.jpeg,0
images/train/D2_D2 images_1085.jpeg,0
images/train/D2_D2 images_1086.jpeg,0
images/train/D2_D2 images_1087.jpeg,0
images/train/D2_D2 images_1091.jpeg,0
images/train/D2_D2 images_1092.jpeg,0
images/train/D2_D2 images_1093.jpeg,0
images/train/D2_D2 images_1095.jpeg,0
images/train/D2_D2 images_1096.jpeg,0
images/train/D2_D2 images_1100.jpeg,0
images/train/D2_D2 images_1103.jpeg,0
images/train/D2_D2 images_1104.jpeg,1
images/train/D2_D2 images_1106.jpeg,0
images/train/D2_D2 images_1109.jpeg,0
images/train/D2_D2 images_1110.jpeg,0
images/train/D2_D2 images_1111.jpeg,0
images/train/D2_D2 images_1113.jpeg,0
images/train/D2_D2 images_1114.jpeg,0
images/train/D2_D2 images_1117.jpeg,0
images/train/D2_D2 images_1119.jpeg,0
images/train/D2_D2 images_1121.jpeg,0
images/train/D2_D2 images_1124.jpeg,0
images/train/D2_D2 images_1125.jpeg,0
images/train/D2_D2 images_1126.jpeg,0
images/train/D2_D2 images_1127.jpeg,0
images/train/D2_D2 images_1129.jpeg,0
images/train/D2_D2 images_1130.jpeg,0
images/train/D2_D2 images_1131.jpeg,0
images/train/D2_D2 images_1132.jpeg,0
images/train/D2_D2 images_1134.jpeg,0
images/train/D2_D2 images_1135.jpeg,0
images/train/D2_D2 images_1137.jpeg,0
images/train/D2_D2 images_1138.jpeg,1
images/train/D2_D2 images_1139.jpeg,0
images/train/D2_D2 images_1140.jpeg,0
images/train/D2_D2 images_1141.jpeg,0
images/train/D2_D2 images_1142.jpeg,0
images/train/D2_D2 images_1143.jpeg,0
images/train/D2_D2 images_1145.jpeg,1
images/train/D2_D2 images_1146.jpeg,0
images/train/D2_D2 images_1147.jpeg,0
images/train/D2_D2 images_1148.jpeg,0
images/train/D2_D2 images_1149.jpeg,0
images/train/D2_D2 images_1150.jpeg,1
images/train/D2_D2 images_1151.jpeg,0
images/train/D2_D2 images_1152.jpeg,0
images/train/D2_D2 images_1153.jpeg,0
images/train/D2_D2 images_1154.jpeg,0
images/train/D2_D2 images_1155.jpeg,0
images/train/D2_D2 images_1156.jpeg,0
images/train/D2_D2 images_1157.jpeg,1
images/train/D2_D2 images_1158.jpeg,0
images/train/D2_D2 images_1159.jpeg,0
images/train/D2_D2 images_1160.jpeg,0
images/train/D2_D2 images_1161.jpeg,0
images/train/D2_D2 images_1163.jpeg,0
images/train/D2_D2 images_1165.jpeg,0
images/train/D2_D2 images_1167.jpeg,0
images/train/D2_D2 images_1168.jpeg,0
images/train/D2_D2 images_1169.jpeg,0
images/train/D2_D2 images_1171.jpeg,0
images/train/D2_D2 images_1172.jpeg,0
images/train/D2_D2 images_1176.jpeg,0
images/train/D2_D2 images_1178.jpeg,0
images/train/D2_D2 images_1180.jpeg,0
images/train/D2_D2 images_1181.jpeg,0
images/train/D2_D2 images_1182.jpeg,0
images/train/D2_D2 images_1184.jpeg,0
images/train/D2_D2 images_1185.jpeg,0
images/train/D2_D2 images_1187.jpeg,0
images/train/D2_D2 images_1189.jpeg,0
images/train/D2_D2 images_1193.jpeg,0
images/train/D2_D2 images_1194.jpeg,0
images/train/D2_D2 images_1195.jpeg,0
images/train/D2_D2 images_1199.jpeg,0
images/train/D2_D2 images_1200.jpeg,0
images/train/D2_D2 images_1201.jpeg,0
images/train/D2_D2 images_1203.jpeg,0
images/train/D2_D2 images_1204.jpeg,0
images/train/D2_D2 images_1205.jpeg,0
images/train/D2_D2 images_1206.jpeg,0
images/train/D2_D2 images_1208.jpeg,0
images/train/D2_D2 images_1209.jpeg,0
images/train/D2_D2 images_1210.jpeg,0
images/train/D2_D2 images_1211.jpeg,0
images/train/D2_D2 images_1212.jpeg,0
images/train/D2_D2 images_1213.jpeg,0
images/train/D2_D2 images_1214.jpeg,0
images/train/D2_D2 images_1215.jpeg,0
images/train/D2_D2 images_1216.jpeg,0
images/train/D2_D2 images_1218.jpeg,0
images/train/D2_D2 images_1219.jpeg,0
images/train/D2_D2 images_1221.jpeg,0
images/train/D2_D2 images_1223.jpeg,0
images/train/D2_D2 images_1224.jpeg,0
images/train/D2_D2 images_1225.jpeg,0
images/train/D2_D2 images_1226.jpeg,0
images/train/D2_D2 images_1227.jpeg,0
images/train/D2_D2 images_1228.jpeg,0
images/train/D2_D2 images_1230.jpeg,0
images/train/D2_D2 images_1231.jpeg,0
images/train/D2_D2 images_1233.jpeg,0
images/train/D2_D2 images_1234.jpeg,0
images/train/D2_D2 images_1235.jpeg,0
images/train/D2_D2 images_1236.jpeg,0
images/train/D2_D2 images_1237.jpeg,0
images/train/D2_D2 images_1239.jpeg,0
images/train/D2_D2 images_1241.jpeg,0
images/train/D2_D2 images_1249.jpeg,0
images/train/D2_D2 images_1250.jpeg,0
images/train/D2_D2 images_1251.jpeg,0
images/train/D2_D2 images_1252.jpeg,0
images/train/D2_D2 images_1253.jpeg,0
images/train/D2_D2 images_1254.jpeg,0
images/train/D2_D2 images_1255.jpeg,0
images/train/D2_D2 images_1256.jpeg,0
images/train/D2_D2 images_1258.jpeg,0
images/train/D2_D2 images_1261.jpeg,0
images/train/D2_D2 images_1262.jpeg,0
images/train/D2_D2 images_1263.jpeg,0
images/train/D2_D2 images_1265.jpeg,0
images/train/D2_D2 images_1266.jpeg,0
images/train/D2_D2 images_1268.jpeg,0
images/train/D2_D2 images_1270.jpeg,0
images/train/D2_D2 images_1271.jpeg,0
images/train/D2_D2 images_1274.jpeg,0
images/train/D2_D2 images_1276.jpeg,0
images/train/D2_D2 images_1277.jpeg,0
images/train/D2_D2 images_1278.jpeg,0
images/train/D2_D2 images_1279.jpeg,0
images/train/D2_D2 images_1281.jpeg,0
images/train/D2_D2 images_1282.jpeg,0
images/train/D2_D2 images_1283.jpeg,0
images/train/D2_D2 images_1285.jpeg,0
images/train/D2_D2 images_1287.jpeg,0
images/train/D2_D2 images_1288.jpeg,0
images/train/D2_D2 images_1289.jpeg,0
images/train/D2_D2 images_1291.jpeg,0
images/train/D2_D2 images_1292.jpeg,0
images/train/D2_D2 images_1293.jpeg,0
images/train/D2_D2 images_1294.jpeg,0
images/train/D2_D2 images_1295.jpeg,0
images/train/D2_D2 images_1297.jpeg,0
images/train/D2_D2 images_1298.jpeg,0
images/train/D2_D2 images_1299.jpeg,0
images/train/D2_D2 images_1300.jpeg,0
images/train/D2_D2 images_1301.jpeg,0
images/train/D2_D2 images_1302.jpeg,0
images/train/D2_D2 images_1303.jpeg,0
images/train/D2_D2 images_1304.jpeg,0
images/train/D2_D2 images_1305.jpeg,0
images/train/D2_D2 images_1306.jpeg,0
images/train/D2_D2 images_1307.jpeg,0
images/train/D2_D2 images_1308.jpeg,0
images/train/D2_D2 images_1309.jpeg,0
images/train/D2_D2 images_1311.jpeg,0
images/train/D2_D2 images_1313.jpeg,0
images/train/D2_D2 images_1314.jpeg,0
images/train/D2_D2 images_1315.jpeg,0
images/train/D2_D2 images_1319.jpeg,0
images/train/D2_D2 images_1321.jpeg,0
images/train/D2_D2 images_1322.jpeg,0
images/train/D2_D2 images_1323.jpeg,0
images/train/D2_D2 images_1324.jpeg,0
images/train/D2_D2 images_1326.jpeg,0
images/train/D2_D2 images_1329.jpeg,0
images/train/D2_D2 images_1330.jpeg,0
images/train/D2_D2 images_1332.jpeg,0
images/train/D2_D2 images_1336.jpeg,1
images/train/D2_D2 images_1337.jpeg,0
images/train/D2_D2 images_1339.jpeg,0
images/train/D2_D2 images_1340.jpeg,0
images/train/D2_D2 images_1341.jpeg,0
images/train/D2_D2 images_1342.jpeg,0
images/train/D2_D2 images_1343.jpeg,0
images/train/D2_D2 images_1344.jpeg,0
images/train/D2_D2 images_1348.jpeg,0
images/train/D2_D2 images_1351.jpeg,0
images/train/D2_D2 images_1352.jpeg,0
images/train/D2_D2 images_1353.jpeg,0
images/train/D2_D2 images_1357.jpeg,0
images/train/D2_D2 images_1358.jpeg,0
images/train/D2_D2 images_1359.jpeg,0
images/train/D2_D2 images_1360.jpeg,0
images/train/D2_D2 images_1361.jpeg,0
images/train/D2_D2 images_1362.jpeg,0
images/train/D2_D2 images_1363.jpeg,0
images/train/D2_D2 images_1364.jpeg,0
images/train/D2_D2 images_1366.jpeg,0
images/train/D2_D2 images_1369.jpeg,0
images/train/D2_D2 images_1370.jpeg,0
images/train/D2_D2 images_1371.jpeg,0
images/train/D2_D2 images_1373.jpeg,0
images/train/D2_D2 images_1374.jpeg,0
images/train/D2_D2 images_1375.jpeg,0
images/train/D2_D2 images_1376.jpeg,0
images/train/D2_D2 images_1379.jpeg,0
images/train/D2_D2 images_1380.jpeg,0
images/train/D2_D2 images_1381.jpeg,0
images/train/D2_D2 images_1383.jpeg,0
images/train/D2_D2 images_1384.jpeg,0
images/train/D2_D2 images_1385.jpeg,0
images/train/D2_D2 images_1386.jpeg,0
images/train/D2_D2 images_1388.jpeg,0
images/train/D2_D2 images_1389.jpeg,0
images/train/D2_D2 images_1393.jpeg,0
images/train/D2_D2 images_1394.jpeg,0
images/train/D2_D2 images_1396.jpeg,0
images/train/D2_D2 images_1397.jpeg,0
images/train/D2_D2 images_1398.jpeg,0
images/train/D2_D2 images_1399.jpeg,0
images/train/D2_D2 images_1400.jpeg,0
images/train/D2_D2 images_1402.jpeg,0
images/train/D2_D2 images_1403.jpeg,0
images/train/D2_D2 images_1404.jpeg,0
images/train/D2_D2 images_1406.jpeg,0
images/train/D2_D2 images_1408.jpeg,0
images/train/D2_D2 images_1409.jpeg,0
images/train/D2_D2 images_1410.jpeg,0
images/train/D2_D2 images_1411.jpeg,0
images/train/D2_D2 images_1413.jpeg,0
images/train/D2_D2 images_1414.jpeg,0
images/train/D2_D2 images_1416.jpeg,0
images/train/D2_D2 images_1417.jpeg,0
images/train/D2_D2 images_1418.jpeg,0
images/train/D2_D2 images_1419.jpeg,0
images/train/D2_D2 images_1420.jpeg,0
images/train/D2_D2 images_1421.jpeg,0
images/train/D2_D2 images_1422.jpeg,0
images/train/D2_D2 images_1423.jpeg,0
images/train/D2_D2 images_1424.jpeg,0
images/train/D2_D2 images_1426.jpeg,0
images/train/D2_D2 images_1427.jpeg,0
images/train/D2_D2 images_1429.jpeg,0
images/train/D2_D2 images_1430.jpeg,0
images/train/D2_D2 images_1431.jpeg,0
images/train/D2_D2 images_1434.jpeg,0
images/train/D2_D2 images_1435.jpeg,0
images/train/D2_D2 images_1436.jpeg,0
images/train/D2_D2 images_1437.jpeg,0
images/train/D2_D2 images_1439.jpeg,0
images/train/D2_D2 images_1440.jpeg,0
images/train/D2_D2 images_1441.jpeg,0
images/train/D2_D2 images_1443.jpeg,0
images/train/D2_D2 images_1445.jpeg,0
images/train/D2_D2 images_1447.jpeg,0
images/train/D2_D2 images_1448.jpeg,0
images/train/D2_D2 images_1449.jpeg,0
images/train/D2_D2 images_1451.jpeg,0
images/train/D2_D2 images_1452.jpeg,0
images/train/D2_D2 images_1453.jpeg,0
images/train/D2_D2 images_1454.jpeg,0
images/train/D2_D2 images_1455.jpeg,0
images/train/D2_D2 images_1456.jpeg,0
images/train/D2_D2 images_1457.jpeg,0
images/train/D2_D2 images_1463.jpeg,0
images/train/D2_D2 images_1464.jpeg,0
images/train/D2_D2 images_1467.jpeg,0
images/train/D2_D2 images_1468.jpeg,0
images/train/D2_D2 images_1469.jpeg,0
images/train/D2_D2 images_1470.jpeg,0
images/train/D2_D2 images_1471.jpeg,0
images/train/D2_D2 images_1473.jpeg,0
images/train/D2_D2 images_1475.jpeg,0
images/train/D2_D2 images_1476.jpeg,0
images/train/D2_D2 images_1479.jpeg,0
images/train/D2_D2 images_1480.jpeg,0
images/train/D2_D2 images_1483.jpeg,0
images/train/D2_D2 images_1484.jpeg,0
images/train/D2_D2 images_1485.jpeg,0
images/train/D2_D2 images_1486.jpeg,0
images/train/D2_D2 images_1487.jpeg,0
images/train/D2_D2 images_1489.jpeg,0
images/train/D2_D2 images_1491.jpeg,0
images/train/D2_D2 images_1492.jpeg,0
images/train/D2_D2 images_1494.jpeg,0
images/train/D2_D2 images_1496.jpeg,0
images/train/D2_D2 images_1497.jpeg,0
images/train/D2_D2 images_1498.jpeg,0
images/train/D2_D2 images_1499.jpeg,0
images/train/D2_D2 images_1500.jpeg,0
images/train/D2_D2 images_1501.jpeg,0
images/train/D2_D2 images_1502.jpeg,0
images/train/D2_D2 images_1503.jpeg,0
images/train/D2_D2 images_1504.jpeg,0
images/train/D2_D2 images_1505.jpeg,0
images/train/D2_D2 images_1506.jpeg,0
images/train/D2_D2 images_1508.jpeg,0
images/train/D2_D2 images_1509.jpeg,0
images/train/D2_D2 images_1512.jpeg,0
images/train/D2_D2 images_1513.jpeg,0
images/train/D2_D2 images_1514.jpeg,0
images/train/D2_D2 images_1515.jpeg,0
images/train/D2_D2 images_1516.jpeg,0
images/train/D2_D2 images_1517.jpeg,0
images/train/D2_D2 images_1518.jpeg,1
images/train/D2_D2 images_1519.jpeg,0
images/train/D2_D2 images_1524.jpeg,0
images/train/D2_D2 images_1525.jpeg,0
images/train/D2_D2 images_1526.jpeg,0
images/train/D2_D2 images_1527.jpeg,0
images/train/D2_D2 images_1528.jpeg,0
images/train/D2_D2 images_1529.jpeg,0
images/train/D2_D2 images_1530.jpeg,0
images/train/D2_D2 images_1531.jpeg,0
images/train/D2_D2 images_1532.jpeg,0
images/train/D2_D2 images_1533.jpeg,0
images/train/D2_D2 images_1537.jpeg,0
images/train/D2_D2 images_1538.jpeg,0
images/train/D2_D2 images_1541.jpeg,0
images/train/D2_D2 images_1542.jpeg,0
images/train/D2_D2 images_1543.jpeg,1
images/train/D2_D2 images_1546.jpeg,0
images/train/D2_D2 images_1550.jpeg,0
images/train/D2_D2 images_1551.jpeg,0
images/train/D2_D2 images_1552.jpeg,0
images/train/D2_D2 images_1553.jpeg,0
images/train/D2_D2 images_1554.jpeg,0
images/train/D2_D2 images_1556.jpeg,1
images/train/D2_D2 images_1557.jpeg,1
images/train/D2_D2 images_1558.jpeg,0
images/train/D2_D2 images_1559.jpeg,0
images/train/D2_D2 images_1561.jpeg,0
images/train/D2_D2 images_1564.jpeg,0
images/train/D2_D2 images_1565.jpeg,0
images/train/D2_D2 images_1566.jpeg,0
images/train/D2_D2 images_1567.jpeg,0
images/train/D2_D2 images_1568.jpeg,1
images/train/D2_D2 images_1569.jpeg,1
images/train/D2_D2 images_1570.jpeg,1
images/train/D2_D2 images_1571.jpeg,0
images/train/D2_D2 images_1573.jpeg,0
images/train/D2_D2 images_1574.jpeg,0
images/train/D2_D2 images_1575.jpeg,0
images/train/D2_D2 images_1576.jpeg,0
images/train/D2_D2 images_1577.jpeg,0
images/train/D2_D2 images_1578.jpeg,0
images/train/D2_D2 images_1581.jpeg,0
images/train/D2_D2 images_1583.jpeg,1
images/train/D2_D2 images_1584.jpeg,0
images/train/D2_D2 images_1585.jpeg,0
images/train/D2_D2 images_1586.jpeg,0
images/train/D2_D2 images_1587.jpeg,0
images/train/D2_D2 images_1589.jpeg,0
images/train/D2_D2 images_1590.jpeg,0
images/train/D2_D2 images_1592.jpeg,0
images/train/D2_D2 images_1593.jpeg,0
images/train/D2_D2 images_1595.jpeg,0
images/train/D2_D2 images_1596.jpeg,1
images/train/D2_D2 images_1597.jpeg,0
images/train/D2_D2 images_1598.jpeg,0
images/train/D2_D2 images_1599.jpeg,0
images/train/D2_D2 images_1600.jpeg,0
images/train/D2_D2 images_1602.jpeg,0
images/train/D2_D2 images_1603.jpeg,0
images/train/D2_D2 images_1605.jpeg,0
images/train/D2_D2 images_1606.jpeg,0
images/train/D2_D2 images_1607.jpeg,1
images/train/D2_D2 images_1608.jpeg,0
images/train/D2_D2 images_1609.jpeg,1
images/train/D2_D2 images_1610.jpeg,0
images/train/D2_D2 images_1612.jpeg,0
images/train/D2_D2 images_1614.jpeg,0
images/train/D2_D2 images_1615.jpeg,0
images/train/D2_D2 images_1616.jpeg,0
images/train/D2_D2 images_1618.jpeg,0
images/train/D2_D2 images_1619.jpeg,0
images/train/D2_D2 images_1620.jpeg,0
images/train/D2_D2 images_1621.jpeg,0
images/train/D2_D2 images_1622.jpeg,1
images/train/D2_D2 images_1624.jpeg,0
images/train/D2_D2 images_1625.jpeg,0
images/train/D2_D2 images_1626.jpeg,0
images/train/D2_D2 images_1627.jpeg,0
images/train/D2_D2 images_1628.jpeg,0
images/train/D2_D2 images_1629.jpeg,0
images/train/D2_D2 images_1630.jpeg,0
images/train/D2_D2 images_1631.jpeg,0
images/train/D2_D2 images_1632.jpeg,0
images/train/D2_D2 images_1635.jpeg,1
images/train/D2_D2 images_1636.jpeg,0
images/train/D2_D2 images_1638.jpeg,0
images/train/D2_D2 images_1639.jpeg,0
images/train/D2_D2 images_1640.jpeg,0
images/train/D2_D2 images_1641.jpeg,0
images/train/D2_D2 images_1642.jpeg,0
images/train/D2_D2 images_1644.jpeg,0
images/train/D2_D2 images_1645.jpeg,0
images/train/D2_D2 images_1646.jpeg,0
images/train/D2_D2 images_1647.jpeg,1
images/train/D2_D2 images_1648.jpeg,1
images/train/D2_D2 images_1649.jpeg,0
images/train/D2_D2 images_1650.jpeg,0
images/train/D2_D2 images_1652.jpeg,0
images/train/D2_D2 images_1654.jpeg,0
images/train/D2_D2 images_1656.jpeg,0
images/train/D2_D2 images_1657.jpeg,0
images/train/D2_D2 images_1658.jpeg,0
images/train/D2_D2 images_1659.jpeg,0
images/train/D2_D2 images_1661.jpeg,0
images/train/D2_D2 images_1662.jpeg,0
images/train/D2_D2 images_1663.jpeg,0
images/train/D2_D2 images_1664.jpeg,0
images/train/D2_D2 images_1666.jpeg,0
images/train/D2_D2 images_1667.jpeg,0
images/train/D2_D2 images_1668.jpeg,0
images/train/D2_D2 images_1669.jpeg,0
images/train/D2_D2 images_1670.jpeg,0
images/train/D2_D2 images_1671.jpeg,0
images/train/D2_D2 images_1672.jpeg,0
images/train/D2_D2 images_1673.jpeg,0
images/train/D2_D2 images_1674.jpeg,0
images/train/D2_D2 images_1675.jpeg,0
images/train/D2_D2 images_1677.jpeg,0
images/train/D2_D2 images_1678.jpeg,0
images/train/D2_D2 images_1679.jpeg,0
images/train/D2_D2 images_1681.jpeg,0
images/train/D2_D2 images_1683.jpeg,0
images/train/D2_D2 images_1685.jpeg,0
images/train/D2_D2 images_1687.jpeg,0
images/train/D2_D2 images_1688.jpeg,0
images/train/D2_D2 images_1691.jpeg,0
images/train/D2_D2 images_1693.jpeg,0
images/train/D2_D2 images_1695.jpeg,0
images/train/D2_D2 images_1697.jpeg,0
images/train/D2_D2 images_1698.jpeg,0
images/train/D2_D2 images_1699.jpeg,0
images/train/D2_D2 images_1700.jpeg,0
images/train/D2_D2 images_1702.jpeg,0
images/train/D2_D2 images_1703.jpeg,0
images/train/D2_D2 images_1704.jpeg,0
images/train/D2_D2 images_1705.jpeg,0
images/train/D2_D2 images_1707.jpeg,1
images/train/D2_D2 images_1708.jpeg,0
images/train/D2_D2 images_1709.jpeg,0
images/train/D2_D2 images_1710.jpeg,0
images/train/D2_D2 images_1712.jpeg,0
images/train/D2_D2 images_1715.jpeg,1
images/train/D2_D2 images_1716.jpeg,0
images/train/D2_D2 images_1717.jpeg,0
images/train/D2_D2 images_1718.jpeg,0
images/train/D2_D2 images_1720.jpeg,0
images/train/D2_D2 images_1721.jpeg,0
images/train/D2_D2 images_1723.jpeg,0
images/train/D2_D2 images_1725.jpeg,0
images/train/D2_D2 images_1726.jpeg,1
images/train/D2_D2 images_1728.jpeg,1
images/train/D2_D2 images_1729.jpeg,0
images/train/D2_D2 images_1730.jpeg,0
images/train/D2_D2 images_1732.jpeg,0
images/train/D2_D2 images_1733.jpeg,0
images/train/D2_D2 images_1734.jpeg,0
images/train/D2_D2 images_1735.jpeg,0
images/train/D2_D2 images_1736.jpeg,0
images/train/D2_D2 images_1737.jpeg,1
images/train/D2_D2 images_1738.jpeg,0
images/train/D2_D2 images_1739.jpeg,0
images/train/D2_D2 images_1740.jpeg,0
images/train/D2_D2 images_1742.jpeg,0
images/train/D2_D2 images_1743.jpeg,0
images/train/D2_D2 images_1745.jpeg,0
images/train/D2_D2 images_1746.jpeg,0
images/train/D2_D2 images_1747.jpeg,0
images/train/D2_D2 images_1748.jpeg,0
images/train/D2_D2 images_1749.jpeg,0
images/train/D2_D2 images_1751.jpeg,0
images/train/D2_D2 images_1752.jpeg,1
images/train/D2_D2 images_1754.jpeg,0
images/train/D2_D2 images_1756.jpeg,0
images/train/D2_D2 images_1757.jpeg,0
images/train/D2_D2 images_1758.jpeg,0
images/train/D2_D2 images_1759.jpeg,1
images/train/D2_D2 images_1760.jpeg,0
images/train/D2_D2 images_1761.jpeg,0
images/train/D2_D2 images_1762.jpeg,0
images/train/D2_D2 images_1764.jpeg,0
images/train/D2_D2 images_1765.jpeg,1
images/train/D2_D2 images_1769.jpeg,0
images/train/D2_D2 images_1772.jpeg,1
images/train/D2_D2 images_1773.jpeg,0
images/train/D2_D2 images_1774.jpeg,0
images/train/D2_D2 images_1775.jpeg,0
images/train/D2_D2 images_1776.jpeg,1
images/train/D2_D2 images_1777.jpeg,0
images/train/D2_D2 images_1778.jpeg,1
images/train/D2_D2 images_1780.jpeg,0
images/train/D2_D2 images_1781.jpeg,0
images/train/D2_D2 images_1782.jpeg,0
images/train/D2_D2 images_1783.jpeg,0
images/train/D2_D2 images_1784.jpeg,0
images/train/D2_D2 images_1787.jpeg,0
images/train/D2_D2 images_1788.jpeg,0
images/train/D2_D2 images_1789.jpeg,1
images/train/D2_D2 images_1790.jpeg,0
images/train/D2_D2 images_1791.jpeg,1
images/train/D2_D2 images_1793.jpeg,0
images/train/D2_D2 images_1796.jpeg,0
images/train/D2_D2 images_1797.jpeg,0
images/train/D2_D2 images_1798.jpeg,0
images/train/D2_D2 images_1799.jpeg,0
images/train/D2_D2 images_1801.jpeg,0
images/train/D2_D2 images_1804.jpeg,1
images/train/D2_D2 images_1805.jpeg,0
images/train/D2_D2 images_1806.jpeg,0
images/train/D2_D2 images_1808.jpeg,0
images/train/D2_D2 images_1810.jpeg,0
images/train/D2_D2 images_1811.jpeg,0
images/train/D2_D2 images_1813.jpeg,0
images/train/D2_D2 images_1814.jpeg,0
images/train/D2_D2 images_1815.jpeg,0
images/train/D2_D2 images_1816.jpeg,0
images/train/D2_D2 images_1819.jpeg,0
images/train/D2_D2 images_1820.jpeg,0
images/train/D2_D2 images_1821.jpeg,0
images/train/D2_D2 images_1822.jpeg,0
images/train/D2_D2 images_1823.jpeg,0
images/train/D2_D2 images_1826.jpeg,0
images/train/D2_D2 images_1828.jpeg,0
images/train/D2_D2 images_1829.jpeg,1
images/train/D2_D2 images_1831.jpeg,0
images/train/D2_D2 images_1832.jpeg,0
images/train/D2_D2 images_1834.jpeg,0
images/train/D2_D2 images_1835.jpeg,0
images/train/D2_D2 images_1836.jpeg,0
images/train/D2_D2 images_1837.jpeg,0
images/train/D2_D2 images_1838.jpeg,0
images/train/D2_D2 images_1840.jpeg,0
images/train/D2_D2 images_1843.jpeg,0
images/train/D2_D2 images_1845.jpeg,0
images/train/D2_D2 images_1847.jpeg,0
images/train/D2_D2 images_1849.jpeg,0
images/train/D2_D2 images_1850.jpeg,0
images/train/D2_D2 images_1851.jpeg,0
images/train/D2_D2 images_1852.jpeg,0
images/train/D2_D2 images_1853.jpeg,1
images/train/D2_D2 images_1854.jpeg,0
images/train/D2_D2 images_1855.jpeg,0
images/train/D2_D2 images_1856.jpeg,0
images/train/D2_D2 images_1857.jpeg,0
images/train/D2_D2 images_1858.jpeg,0
images/train/D2_D2 images_1859.jpeg,0
images/train/D2_D2 images_1863.jpeg,0
images/train/D2_D2 images_1864.jpeg,1
images/train/D2_D2 images_1866.jpeg,0
images/train/D2_D2 images_1868.jpeg,0
images/train/D2_D2 images_1869.jpeg,0
images/train/D2_D2 images_1870.jpeg,0
images/train/D2_D2 images_1872.jpeg,0
images/train/D2_D2 images_1874.jpeg,0
images/train/D2_D2 images_1875.jpeg,0
images/train/D2_D2 images_1876.jpeg,1
images/train/D2_D2 images_1877.jpeg,0
images/train/D2_D2 images_1881.jpeg,0
images/train/D2_D2 images_1882.jpeg,0
images/train/D2_D2 images_1883.jpeg,0
images/train/D2_D2 images_1884.jpeg,0
images/train/D2_D2 images_1886.jpeg,0
images/train/D2_D2 images_1890.jpeg,0
images/train/D2_D2 images_1892.jpeg,0
images/train/D2_D2 images_1893.jpeg,0
images/train/D2_D2 images_1895.jpeg,0
images/train/D2_D2 images_1896.jpeg,0
images/train/D2_D2 images_1897.jpeg,0
images/train/D2_D2 images_1899.jpeg,0
images/train/D2_D2 images_1900.jpeg,0
images/train/D2_D2 images_1901.jpeg,0
images/train/D2_D2 images_1903.jpeg,0
images/train/D2_D2 images_1904.jpeg,0
images/train/D2_D2 images_1905.jpeg,0
images/train/D2_D2 images_1906.jpeg,0
images/train/D2_D2 images_1909.jpeg,0
images/train/D2_D2 images_1910.jpeg,0
images/train/D2_D2 images_1914.jpeg,0
images/train/D2_D2 images_1915.jpeg,0
images/train/D2_D2 images_1916.jpeg,0
images/train/D2_D2 images_1917.jpeg,0
images/train/D2_D2 images_1918.jpeg,0
images/train/D2_D2 images_1919.jpeg,0
images/train/D2_D2 images_1920.jpeg,0
images/train/D2_D2 images_1921.jpeg,0
images/train/D2_D2 images_1922.jpeg,0
images/train/D2_D2 images_1923.jpeg,0
images/train/D2_D2 images_1924.jpeg,0
images/train/D2_D2 images_1927.jpeg,0
images/train/D2_D2 images_1928.jpeg,0
images/train/D2_D2 images_1929.jpeg,0
images/train/D2_D2 images_1930.jpeg,0
images/train/D2_D2 images_1931.jpeg,0
images/train/D2_D2 images_1935.jpeg,0
images/train/D2_D2 images_1936.jpeg,0
images/train/D2_D2 images_1937.jpeg,0
images/train/D2_D2 images_1938.jpeg,0
images/train/D2_D2 images_1939.jpeg,0
images/train/D2_D2 images_1940.jpeg,0
images/train/D2_D2 images_1942.jpeg,0
images/train/D2_D2 images_1943.jpeg,0
images/train/D2_D2 images_1944.jpeg,0
images/train/D2_D2 images_1945.jpeg,0
images/train/D2_D2 images_1946.jpeg,0
images/train/D2_D2 images_1947.jpeg,0
images/train/D2_D2 images_1950.jpeg,0
images/train/D2_D2 images_1951.jpeg,0
images/train/D2_D2 images_1953.jpeg,0
images/train/D2_D2 images_1954.jpeg,0
images/train/D2_D2 images_1955.jpeg,0
images/train/D2_D2 images_1957.jpeg,0
images/train/D2_D2 images_1960.jpeg,0
images/train/D2_D2 images_1961.jpeg,0
images/train/D2_D2 images_1963.jpeg,0
images/train/D2_D2 images_1964.jpeg,0
images/train/D2_D2 images_1965.jpeg,0
images/train/D2_D2 images_1966.jpeg,0
images/train/D2_D2 images_1967.jpeg,0
images/train/D2_D2 images_1968.jpeg,0
images/train/D2_D2 images_1969.jpeg,0
images/train/D2_D2 images_1970.jpeg,0
images/train/D2_D2 images_1971.jpeg,0
images/train/D2_D2 images_1974.jpeg,0
images/train/D2_D2 images_1975.jpeg,0
images/train/D2_D2 images_1976.jpeg,0
images/train/D2_D2 images_1977.jpeg,0
images/train/D2_D2 images_1978.jpeg,1
images/train/D2_D2 images_1979.jpeg,1
images/train/D2_D2 images_1980.jpeg,0
images/train/D2_D2 images_1981.jpeg,0
images/train/D2_D2 images_1982.jpeg,0
images/train/D2_D2 images_1983.jpeg,0
images/train/D2_D2 images_1984.jpeg,0
images/train/D2_D2 images_1985.jpeg,1
images/train/D2_D2 images_1986.jpeg,0
images/train/D2_D2 images_1988.jpeg,0
images/train/D2_D2 images_1989.jpeg,0
images/train/D2_D2 images_1990.jpeg,0
images/train/D2_D2 images_1992.jpeg,0
images/train/D2_D2 images_1993.jpeg,0
images/train/D2_D2 images_1995.jpeg,0
images/train/D2_D2 images_1996.jpeg,0
images/train/D2_D2 images_1997.jpeg,0
images/train/D2_D2 images_1998.jpeg,0
images/train/D2_D2 images_1999.jpeg,0
images/train/D2_D2 images_2001.jpeg,0
images/train/D2_D2 images_2002.jpeg,0
images/train/D2_D2 images_2003.jpeg,0
images/train/D2_D2 images_2004.jpeg,0
images/train/D2_D2 images_2005.jpeg,0
images/train/D2_D2 images_2006.jpeg,0
images/train/D2_D2 images_2007.jpeg,0
images/train/D2_D2 images_2008.jpeg,0
images/train/D2_D2 images_2009.jpeg,0
images/train/D2_D2 images_2011.jpeg,0
images/train/D2_D2 images_2012.jpeg,0
images/train/D2_D2 images_2015.jpeg,0
images/train/D2_D2 images_2017.jpeg,0
images/train/D2_D2 images_2018.jpeg,0
images/train/D2_D2 images_2019.jpeg,0
images/train/D2_D2 images_2021.jpeg,0
images/train/D2_D2 images_2022.jpeg,0
images/train/D2_D2 images_2024.jpeg,0
images/train/D2_D2 images_2025.jpeg,0
images/train/D2_D2 images_2026.jpeg,0
images/train/D2_D2 images_2027.jpeg,0
images/train/D2_D2 images_2029.jpeg,0
images/train/D2_D2 images_2030.jpeg,0
images/train/D2_D2 images_2031.jpeg,0
images/train/D2_D2 images_2032.jpeg,0
images/train/D2_D2 images_2035.jpeg,0
images/train/D2_D2 images_2037.jpeg,0
images/train/D2_D2 images_2038.jpeg,0
images/train/D2_D2 images_2039.jpeg,0
images/train/D2_D2 images_2040.jpeg,0
images/train/D2_D2 images_2041.jpeg,0
images/train/D2_D2 images_2044.jpeg,0
images/train/D2_D2 images_2046.jpeg,0
images/train/D2_D2 images_2047.jpeg,0
images/train/D2_D2 images_2048.jpeg,0
images/train/D2_D2 images_2049.jpeg,0
images/train/D2_D2 images_2050.jpeg,0
images/train/D2_D2 images_2051.jpeg,0
images/train/D2_D2 images_2052.jpeg,0
images/train/D2_D2 images_2056.jpeg,0
images/train/D2_D2 images_2057.jpeg,0
images/train/D2_D2 images_2058.jpeg,0
images/train/D2_D2 images_2060.jpeg,0
images/train/D2_D2 images_2061.jpeg,0
images/train/D2_D2 images_2062.jpeg,0
images/train/D2_D2 images_2067.jpeg,0
images/train/D2_D2 images_2068.jpeg,0
images/train/D2_D2 images_2069.jpeg,0
images/train/D2_D2 images_2070.jpeg,0
images/train/D2_D2 images_2071.jpeg,0
images/train/D2_D2 images_2072.jpeg,0
images/train/D2_D2 images_2073.jpeg,0
images/train/D2_D2 images_2074.jpeg,0
images/train/D2_D2 images_2075.jpeg,0
images/train/D2_D2 images_2076.jpeg,0
images/train/D2_D2 images_2080.jpeg,0
images/train/D2_D2 images_2081.jpeg,0
images/train/D2_D2 images_2082.jpeg,1
images/train/D2_D2 images_2083.jpeg,0
images/train/D2_D2 images_2084.jpeg,0
images/train/D2_D2 images_2085.jpeg,0
images/train/D2_D2 images_2086.jpeg,0
images/train/D2_D2 images_2087.jpeg,0
images/train/D2_D2 images_2091.jpeg,0
images/train/D2_D2 images_2092.jpeg,0
images/train/D2_D2 images_2094.jpeg,0
images/train/D2_D2 images_2095.jpeg,0
images/train/D2_D2 images_2097.jpeg,0
images/train/D2_D2 images_2099.jpeg,0
images/train/D2_D2 images_2100.jpeg,0
images/train/D2_D2 images_2101.jpeg,0
images/train/D2_D2 images_2102.jpeg,0
images/train/D2_D2 images_2103.jpeg,0
images/train/D2_D2 images_2106.jpeg,0
images/train/D2_D2 images_2107.jpeg,0
images/train/D2_D2 images_2108.jpeg,0
images/train/D2_D2 images_2109.jpeg,0
images/train/D2_D2 images_2110.jpeg,0
images/train/D2_D2 images_2111.jpeg,0
images/train/D2_D2 images_2112.jpeg,0
images/train/D2_D2 images_2113.jpeg,0
images/train/D2_D2 images_2115.jpeg,0
images/train/D2_D2 images_2116.jpeg,0
images/train/D2_D2 images_2117.jpeg,0
images/train/D2_D2 images_2118.jpeg,0
images/train/D2_D2 images_2120.jpeg,0
images/train/D2_D2 images_2121.jpeg,0
images/train/D2_D2 images_2122.jpeg,0
images/train/D2_D2 images_2124.jpeg,0
images/train/D2_D2 images_2126.jpeg,0
images/train/D2_D2 images_2128.jpeg,0
images/train/D2_D2 images_2129.jpeg,0
images/train/D2_D2 images_2130.jpeg,0
images/train/D2_D2 images_2131.jpeg,0
images/train/D2_D2 images_2132.jpeg,0
images/train/D2_D2 images_2133.jpeg,0
images/train/D2_D2 images_2134.jpeg,0
images/train/D2_D2 images_2135.jpeg,0
images/train/D2_D2 images_2137.jpeg,0
images/train/D2_D2 images_2138.jpeg,0
images/train/D2_D2 images_2139.jpeg,0
images/train/D2_D2 images_2143.jpeg,0
images/train/D2_D2 images_2144.jpeg,0
images/train/D2_D2 images_2146.jpeg,0
images/train/D2_D2 images_2147.jpeg,0
images/train/D2_D2 images_2148.jpeg,0
images/train/D2_D2 images_2149.jpeg,0
images/train/D2_D2 images_2150.jpeg,0
images/train/D2_D2 images_2154.jpeg,0
images/train/D2_D2 images_2155.jpeg,0
images/train/D2_D2 images_2156.jpeg,0
images/train/D2_D2 images_2157.jpeg,0
images/train/D2_D2 images_2158.jpeg,0
images/train/D2_D2 images_2159.jpeg,0
images/train/D2_D2 images_2160.jpeg,0
images/train/D2_D2 images_2161.jpeg,0
images/train/D2_D2 images_2162.jpeg,0
images/train/D2_D2 images_2163.jpeg,0
images/train/D2_D2 images_2164.jpeg,0
images/train/D2_D2 images_2165.jpeg,0
images/train/D2_D2 images_2166.jpeg,0
images/train/D2_D2 images_2167.jpeg,0
images/train/D2_D2 images_2168.jpeg,0
images/train/D2_D2 images_2169.jpeg,0
images/train/D2_D2 images_2170.jpeg,0
images/train/D2_D2 images_2172.jpeg,0
images/train/D2_D2 images_2173.jpeg,0
images/train/D2_D2 images_2174.jpeg,0
images/train/D2_D2 images_2175.jpeg,0
images/train/D2_D2 images_2177.jpeg,0
images/train/D2_D2 images_2178.jpeg,0
images/train/D2_D2 images_2179.jpeg,0
images/train/D2_D2 images_2180.jpeg,0
images/train/D2_D2 images_2181.jpeg,0
images/train/D2_D2 images_2183.jpeg,0
images/train/D2_D2 images_2184.jpeg,0
images/train/D2_D2 images_2185.jpeg,0
images/train/D2_D2 images_2187.jpeg,0
images/train/D2_D2 images_2188.jpeg,0
images/train/D2_D2 images_2189.jpeg,0
images/train/D2_D2 images_2191.jpeg,0
images/train/D2_D2 images_2194.jpeg,0
images/train/D2_D2 images_2195.jpeg,0
images/train/D2_D2 images_2196.jpeg,0
images/train/D2_D2 images_2197.jpeg,0
images/train/D2_D2 images_2198.jpeg,0
images/train/D2_D2 images_2199.jpeg,0
images/train/D2_D2 images_2201.jpeg,0
images/train/D2_D2 images_2203.jpeg,0
images/train/D2_D2 images_2204.jpeg,0
images/train/D2_D2 images_2205.jpeg,0
images/train/D2_D2 images_2206.jpeg,0
images/train/D2_D2 images_2207.jpeg,0
images/train/D2_D2 images_2208.jpeg,0
images/train/D2_D2 images_2210.jpeg,0
images/train/D2_D2 images_2212.jpeg,0
images/train/D2_D2 images_2214.jpeg,0
images/train/D2_D2 images_2215.jpeg,0
images/train/D2_D2 images_2216.jpeg,0
images/train/D2_D2 images_2217.jpeg,0
images/train/D2_D2 images_2218.jpeg,0
images/train/D2_D2 images_2220.jpeg,0
images/train/D2_D2 images_2223.jpeg,0
images/train/D2_D2 images_2225.jpeg,0
images/train/D2_D2 images_2228.jpeg,0
images/train/D2_D2 images_2230.jpeg,0
images/train/D2_D2 images_2233.jpeg,0
images/train/D2_D2 images_2234.jpeg,0
images/train/D2_D2 images_2236.jpeg,0
images/train/D2_D2 images_2239.jpeg,0
images/train/D2_D2 images_2240.jpeg,0
images/train/D2_D2 images_2241.jpeg,0
images/train/D2_D2 images_2242.jpeg,0
images/train/D2_D2 images_2243.jpeg,0
images/train/D2_D2 images_2244.jpeg,0
images/train/D2_D2 images_2247.jpeg,0
images/train/D2_D2 images_2248.jpeg,0
images/train/D2_D2 images_2249.jpeg,0
images/train/D2_D2 images_2250.jpeg,0
images/train/D2_D2 images_2251.jpeg,0
images/train/D2_D2 images_2252.jpeg,0
images/train/D2_D2 images_2253.jpeg,0
images/train/D2_D2 images_2254.jpeg,0
images/train/D2_D2 images_2255.jpeg,0
images/train/D2_D2 images_2256.jpeg,0
images/train/D2_D2 images_2258.jpeg,0
images/train/D2_D2 images_2259.jpeg,0
images/train/D2_D2 images_2260.jpeg,0
images/train/D2_D2 images_2261.jpeg,0
images/train/D2_D2 images_2264.jpeg,0
images/train/D2_D2 images_2267.jpeg,0
images/train/D2_D2 images_2268.jpeg,0
images/train/D2_D2 images_2269.jpeg,0
images/train/D2_D2 images_2270.jpeg,0
images/train/D2_D2 images_2272.jpeg,0
images/train/D2_D2 images_2274.jpeg,0
images/train/D2_D2 images_2275.jpeg,0
images/train/D2_D2 images_2276.jpeg,0
images/train/D2_D2 images_2277.jpeg,0
images/train/D2_D2 images_2278.jpeg,0
images/train/D2_D2 images_2280.jpeg,0
images/train/D2_D2 images_2282.jpeg,0
images/train/D2_D2 images_2283.jpeg,0
images/train/D2_D2 images_2284.jpeg,0
images/train/D2_D2 images_2285.jpeg,0
images/train/D2_D2 images_2287.jpeg,0
images/train/D2_D2 images_2288.jpeg,0
images/train/D2_D2 images_2289.jpeg,0
images/train/D2_D2 images_2290.jpeg,0
images/train/D2_D2 images_2291.jpeg,0
images/train/D2_D2 images_2296.jpeg,0
images/train/D2_D2 images_2298.jpeg,0
images/train/D2_D2 images_2300.jpeg,0
images/train/D2_D2 images_2301.jpeg,0
images/train/D2_D2 images_2302.jpeg,0
images/train/D2_D2 images_2303.jpeg,0
images/train/D2_D2 images_2304.jpeg,0
images/train/D2_D2 images_2305.jpeg,0
images/train/D2_D2 images_2306.jpeg,0
images/train/D2_D2 images_2307.jpeg,0
images/train/D2_D2 images_2309.jpeg,0
images/train/D2_D2 images_2310.jpeg,0
images/train/D2_D2 images_2311.jpeg,0
images/train/D2_D2 images_2312.jpeg,0
images/train/D2_D2 images_2314.jpeg,0
images/train/D2_D2 images_2315.jpeg,0
images/train/D2_D2 images_2316.jpeg,0
images/train/D2_D2 images_2317.jpeg,0
images/train/D2_D2 images_2319.jpeg,0
images/train/D2_D2 images_2320.jpeg,0
images/train/D2_D2 images_2321.jpeg,0
images/train/D2_D2 images_2322.jpeg,0
images/train/D2_D2 images_2323.jpeg,0
images/train/D2_D2 images_2325.jpeg,0
images/train/D2_D2 images_2326.jpeg,0
images/train/D2_D2 images_2328.jpeg,0
images/train/D2_D2 images_2329.jpeg,0
images/train/D2_D2 images_2330.jpeg,0
images/train/D2_D2 images_2331.jpeg,0
images/train/D2_D2 images_2332.jpeg,0
images/train/D2_D2 images_2336.jpeg,0
images/train/D2_D2 images_2337.jpeg,0
images/train/D2_D2 images_2338.jpeg,0
images/train/D2_D2 images_2339.jpeg,0
images/train/D2_D2 images_2340.jpeg,0
images/train/D2_D2 images_2342.jpeg,0
images/train/D2_D2 images_2343.jpeg,0
images/train/D2_D2 images_2344.jpeg,0
images/train/D2_D2 images_2345.jpeg,0
images/train/D2_D2 images_2346.jpeg,0
images/train/D2_D2 images_2347.jpeg,0
images/train/D2_D2 images_2350.jpeg,0
images/train/D2_D2 images_2351.jpeg,0
images/train/D2_D2 images_2352.jpeg,0
images/train/D2_D2 images_2353.jpeg,0
images/train/D2_D2 images_2355.jpeg,0
images/train/D2_D2 images_2356.jpeg,0
images/train/D2_D2 images_2358.jpeg,0
images/train/D2_D2 images_2359.jpeg,0
images/train/D2_D2 images_2362.jpeg,0
images/train/D2_D2 images_2363.jpeg,0
images/train/D2_D2 images_2364.jpeg,0
images/train/D2_D2 images_2365.jpeg,0
images/train/D2_D2 images_2367.jpeg,0
images/train/D2_D2 images_2368.jpeg,0
images/train/D2_D2 images_2371.jpeg,0
images/train/D2_D2 images_2373.jpeg,0
images/train/D2_D2 images_2374.jpeg,0
images/train/D2_D2 images_2376.jpeg,0
images/train/D2_D2 images_2379.jpeg,0
images/train/D2_D2 images_2380.jpeg,0
images/train/D2_D2 images_2381.jpeg,0
images/train/D2_D2 images_2382.jpeg,0
images/train/D2_D2 images_2383.jpeg,0
images/train/D2_D2 images_2384.jpeg,0
images/train/D2_D2 images_2385.jpeg,0
images/train/D2_D2 images_2387.jpeg,0
images/train/D2_D2 images_2388.jpeg,0
images/train/D2_D2 images_2389.jpeg,0
images/train/D2_D2 images_2390.jpeg,0
images/train/D2_D2 images_2391.jpeg,0
images/train/D2_D2 images_2392.jpeg,0
images/train/D2_D2 images_2393.jpeg,0
images/train/D2_D2 images_2394.jpeg,0
images/train/D2_D2 images_2396.jpeg,0
images/train/D2_D2 images_2397.jpeg,0
images/train/D2_D2 images_2398.jpeg,0
images/train/D2_D2 images_2399.jpeg,0
images/train/D2_D2 images_2400.jpeg,0
images/train/D2_D2 images_2401.jpeg,0
images/train/D2_D2 images_2402.jpeg,0
images/train/D2_D2 images_2404.jpeg,0
images/train/D2_D2 images_2405.jpeg,0
images/train/D2_D2 images_2407.jpeg,0
images/train/D2_D2 images_2408.jpeg,0
images/train/D2_D2 images_2409.jpeg,0
images/train/D2_D2 images_2410.jpeg,0
images/train/D2_D2 images_2414.jpeg,0
images/train/D2_D2 images_2417.jpeg,0
images/train/D2_D2 images_2421.jpeg,0
images/train/D2_D2 images_2422.jpeg,0
images/train/D2_D2 images_2424.jpeg,0
images/train/D2_D2 images_2430.jpeg,0
images/train/D2_D2 images_2431.jpeg,0
images/train/D2_D2 images_2432.jpeg,0
images/train/D2_D2 images_2433.jpeg,0
images/train/D2_D2 images_2434.jpeg,0
images/train/D2_D2 images_2435.jpeg,0
images/train/D2_D2 images_2436.jpeg,0
images/train/D2_D2 images_2437.jpeg,0
images/train/D2_D2 images_2439.jpeg,0
images/train/D2_D2 images_2440.jpeg,0
images/train/D2_D2 images_2441.jpeg,0
images/train/D2_D2 images_2442.jpeg,0
images/train/D2_D2 images_2443.jpeg,0
images/train/D2_D2 images_2444.jpeg,0
images/train/D2_D2 images_2446.jpeg,0
images/train/D2_D2 images_2447.jpeg,0
images/train/D2_D2 images_2449.jpeg,0
images/train/D2_D2 images_2451.jpeg,0
images/train/D2_D2 images_2452.jpeg,0
images/train/D2_D2 images_2453.jpeg,0
images/train/D2_D2 images_2454.jpeg,0
images/train/D2_D2 images_2455.jpeg,0
images/train/D2_D2 images_2456.jpeg,0
images/train/D2_D2 images_2457.jpeg,0
images/train/D2_D2 images_2459.jpeg,0
images/train/D2_D2 images_2460.jpeg,0
images/train/D2_D2 images_2462.jpeg,0
images/train/D2_D2 images_2463.jpeg,0
images/train/D2_D2 images_2464.jpeg,0
images/train/D2_D2 images_2465.jpeg,0
images/train/D2_D2 images_2466.jpeg,0
images/train/D2_D2 images_2469.jpeg,0
images/train/D2_D2 images_2470.jpeg,0
images/train/D2_D2 images_2471.jpeg,0
images/train/D2_D2 images_2474.jpeg,0
images/train/D2_D2 images_2477.jpeg,0
images/train/D2_D2 images_2478.jpeg,0
images/train/D2_D2 images_2479.jpeg,0
images/train/D2_D2 images_2480.jpeg,0
images/train/D2_D2 images_2481.jpeg,0
images/train/D2_D2 images_2483.jpeg,0
images/train/D2_D2 images_2484.jpeg,0
images/train/D2_D2 images_2487.jpeg,0
images/train/D2_D2 images_2488.jpeg,0
images/train/D2_D2 images_2489.jpeg,0
images/train/D2_D2 images_2491.jpeg,0
images/train/D2_D2 images_2492.jpeg,0
images/train/D2_D2 images_2493.jpeg,0
images/train/D2_D2 images_2495.jpeg,0
images/train/D2_D2 images_2496.jpeg,0
images/train/D2_D2 images_2497.jpeg,0
images/train/D2_D2 images_2500.jpeg,0
images/train/D2_D2 images_2501.jpeg,0
images/train/D2_D2 images_2502.jpeg,0
images/train/D2_D2 images_2504.jpeg,0
images/train/D2_D2 images_2505.jpeg,0
images/train/D2_D2 images_2506.jpeg,0
images/train/D2_D2 images_2507.jpeg,0
images/train/D2_D2 images_2508.jpeg,0
images/train/D2_D2 images_2509.jpeg,0
images/train/D2_D2 images_2510.jpeg,0
images/train/D2_D2 images_2511.jpeg,0
images/train/D2_D2 images_2513.jpeg,0
images/train/D2_D2 images_2514.jpeg,0
images/train/D2_D2 images_2515.jpeg,0
images/train/D2_D2 images_2516.jpeg,0
images/train/D2_D2 images_2517.jpeg,0
images/train/D2_D2 images_2518.jpeg,0
images/train/D2_D2 images_2519.jpeg,0
images/train/D2_D2 images_2523.jpeg,0
images/train/D2_D2 images_2525.jpeg,0
images/train/D2_D2 images_2526.jpeg,0
images/train/D2_D2 images_2528.jpeg,0
images/train/D2_D2 images_2529.jpeg,0
images/train/D2_D2 images_2530.jpeg,0
images/train/D2_D2 images_2531.jpeg,0
images/train/D2_D2 images_2532.jpeg,0
images/train/D2_D2 images_2533.jpeg,0
images/train/D2_D2 images_2534.jpeg,0
images/train/D2_D2 images_2535.jpeg,0
images/train/D2_D2 images_2537.jpeg,0
images/train/D2_D2 images_2538.jpeg,0
images/train/D2_D2 images_2540.jpeg,0
images/train/D2_D2 images_2541.jpeg,0
images/train/D2_D2 images_2542.jpeg,0
images/train/D2_D2 images_2544.jpeg,0
images/train/D2_D2 images_2547.jpeg,0
images/train/D2_D2 images_2548.jpeg,0
images/train/D2_D2 images_2550.jpeg,0
images/train/D2_D2 images_2551.jpeg,0
images/train/D2_D2 images_2552.jpeg,0
images/train/D2_D2 images_2553.jpeg,0
images/train/D2_D2 images_2554.jpeg,0
images/train/D2_D2 images_2555.jpeg,0
images/train/D2_D2 images_2557.jpeg,0
images/train/D2_D2 images_2558.jpeg,0
images/train/D2_D2 images_2559.jpeg,0
images/train/D2_D2 images_2560.jpeg,0
images/train/D2_D2 images_2563.jpeg,0
images/train/D2_D2 images_2566.jpeg,0
images/train/D2_D2 images_2567.jpeg,0
images/train/D2_D2 images_2568.jpeg,0
images/train/D2_D2 images_2569.jpeg,0
images/train/D2_D2 images_2571.jpeg,0
images/train/D2_D2 images_2572.jpeg,0
images/train/D2_D2 images_2577.jpeg,0
images/train/D2_D2 images_2578.jpeg,0
images/train/D2_D2 images_2580.jpeg,0
images/train/D2_D2 images_2582.jpeg,0
images/train/D2_D2 images_2583.jpeg,0
images/train/D2_D2 images_2584.jpeg,0
images/train/D2_D2 images_2585.jpeg,0
images/train/D2_D2 images_2586.jpeg,0
images/train/D2_D2 images_2587.jpeg,0
images/train/D2_D2 images_2589.jpeg,0
images/train/D2_D2 images_2591.jpeg,0
images/train/D2_D2 images_2593.jpeg,0
images/train/D2_D2 images_2594.jpeg,0
images/train/D2_D2 images_2595.jpeg,0
images/train/D2_D2 images_2596.jpeg,0
images/train/D2_D2 images_2597.jpeg,0
images/train/D2_D2 images_2598.jpeg,0
images/train/D2_D2 images_2599.jpeg,0
images/train/D2_D2 images_2600.jpeg,0
images/train/D2_D2 images_2602.jpeg,0
images/train/D2_D2 images_2604.jpeg,0
images/train/D2_D2 images_2606.jpeg,0
images/train/D2_D2 images_2607.jpeg,0
images/train/D2_D2 images_2608.jpeg,0
images/train/D2_D2 images_2609.jpeg,0
images/train/D2_D2 images_2610.jpeg,0
images/train/D2_D2 images_2612.jpeg,0
images/train/D2_D2 images_2613.jpeg,0
images/train/D2_D2 images_2614.jpeg,0
images/train/D2_D2 images_2615.jpeg,0
images/train/D2_D2 images_2617.jpeg,0
images/train/D2_D2 images_2618.jpeg,0
images/train/D2_D2 images_2619.jpeg,0
images/train/D2_D2 images_2620.jpeg,0
images/train/D2_D2 images_2622.jpeg,0
images/train/D2_D2 images_2623.jpeg,0
images/train/D2_D2 images_2624.jpeg,0
images/train/D2_D2 images_2625.jpeg,0
images/train/D2_D2 images_2627.jpeg,0
images/train/D2_D2 images_2629.jpeg,0
images/train/D2_D2 images_2630.jpeg,0
images/train/D2_D2 images_2631.jpeg,0
images/train/D2_D2 images_2632.jpeg,0
images/train/D2_D2 images_2633.jpeg,0
images/train/D2_D2 images_2634.jpeg,0
images/train/D2_D2 images_2635.jpeg,0
images/train/D2_D2 images_2637.jpeg,0
images/train/D2_D2 images_2638.jpeg,0
images/train/D2_D2 images_2640.jpeg,0
images/train/D2_D2 images_2641.jpeg,0
images/train/D2_D2 images_2645.jpeg,0
images/train/D2_D2 images_2647.jpeg,0
images/train/D2_D2 images_2648.jpeg,0
images/train/D2_D2 images_2649.jpeg,0
images/train/D2_D2 images_2652.jpeg,0
images/train/D2_D2 images_2653.jpeg,0
images/train/D2_D2 images_2654.jpeg,0
images/train/D2_D2 images_2657.jpeg,0
images/train/D2_D2 images_2660.jpeg,0
images/train/D2_D2 images_2661.jpeg,0